序号,文件名,类别,置信度,xmin,ymin,xmax,ymax
1,Huiwanzhong2025-320241027_DL_13108.jpg,微囊藻,0.5480,966,526,993,556
2,Huiwanzhong2025-320241027_DL_13108.jpg,微囊藻,0.4628,770,130,799,162
3,Huiwanzhong2025-320241027_DL_13108.jpg,微囊藻,0.4064,1187,630,1213,657
4,Huiwanzhong2025-320241027_DL_13109.jpg,游丝藻,0.9168,1227,596,1285,877
5,Huiwanzhong2025-320241027_DL_13109.jpg,微囊藻,0.5226,457,419,479,444
6,Huiwanzhong2025-320241027_DL_13110.jpg,游丝藻,0.8727,1213,21,1302,739
7,Huiwanzhong2025-320241027_DL_13110.jpg,微囊藻,0.5797,448,763,463,779
8,Huiwanzhong2025-320241027_DL_13110.jpg,微囊藻,0.2075,452,127,479,155
9,Huiwanzhong2025-320241027_DL_13110.jpg,微囊藻,0.1714,353,864,368,877
10,Huiwanzhong2025-320241027_DL_13111.jpg,其他,0.7005,1238,0,1290,360
11,Huiwanzhong2025-320241027_DL_13111.jpg,微囊藻,0.1581,350,696,368,715
12,Huiwanzhong2025-320241027_DL_13114.jpg,微囊藻,0.3477,948,758,1005,833
13,Huiwanzhong2025-320241027_DL_13115.jpg,微囊藻,0.3869,1127,692,1209,781
14,Huiwanzhong2025-320241027_DL_13116.jpg,游丝藻,0.9010,667,654,735,876
15,Huiwanzhong2025-320241027_DL_13116.jpg,微囊藻,0.6094,444,96,463,119
16,Huiwanzhong2025-320241027_DL_13116.jpg,微囊藻,0.5132,583,177,604,198
17,Huiwanzhong2025-320241027_DL_13117.jpg,游丝藻,0.9111,658,231,834,877
18,Huiwanzhong2025-320241027_DL_13118.jpg,游丝藻,0.8850,696,0,834,447
19,Huiwanzhong2025-320241027_DL_13119.jpg,游丝藻,0.7063,776,0,829,74
20,Huiwanzhong2025-320241027_DL_13119.jpg,微囊藻,0.2255,977,751,1014,793
21,Huiwanzhong2025-320241027_DL_13120.jpg,微囊藻,0.5428,974,412,1012,454
22,Huiwanzhong2025-320241027_DL_13120.jpg,微囊藻,0.1569,1224,617,1236,630
23,Huiwanzhong2025-320241027_DL_13121.jpg,新月藻,0.5722,0,596,52,838
24,Huiwanzhong2025-320241027_DL_13121.jpg,微囊藻,0.1842,1217,203,1238,227
25,Huiwanzhong2025-320241027_DL_13122.jpg,新月藻,0.7423,0,294,45,556
26,Huiwanzhong2025-320241027_DL_13124.jpg,微囊藻,0.3085,856,543,885,573
27,Huiwanzhong2025-320241027_DL_13124.jpg,微囊藻,0.2438,635,227,652,247
28,Huiwanzhong2025-320241027_DL_13126.jpg,微囊藻,0.2164,693,543,717,569
29,Huiwanzhong2025-320241027_DL_13126.jpg,微囊藻,0.1784,292,469,307,485
30,Huiwanzhong2025-320241027_DL_13129.jpg,微囊藻,0.3534,1110,482,1124,498
31,Huiwanzhong2025-320241027_DL_13130.jpg,新月藻,0.9136,1041,543,1139,822
32,Huiwanzhong2025-320241027_DL_13130.jpg,游丝藻,0.8131,351,711,409,878
33,Huiwanzhong2025-320241027_DL_13131.jpg,游丝藻,0.8950,359,202,408,580
34,Huiwanzhong2025-320241027_DL_13131.jpg,新月藻,0.7297,1039,15,1151,294
35,Huiwanzhong2025-320241027_DL_13132.jpg,游丝藻,0.8766,357,0,402,241
36,Huiwanzhong2025-320241027_DL_13133.jpg,微囊藻,0.2984,664,210,682,229
37,Huiwanzhong2025-320241027_DL_13136.jpg,游丝藻,0.9117,514,749,816,876
38,Huiwanzhong2025-320241027_DL_13137.jpg,游丝藻,0.8769,769,452,852,839
39,Huiwanzhong2025-320241027_DL_13137.jpg,游丝藻,0.8616,495,360,819,497
40,Huiwanzhong2025-320241027_DL_13137.jpg,卵囊藻,0.2207,353,22,453,130
41,Huiwanzhong2025-320241027_DL_13138.jpg,游丝藻,0.8996,769,115,845,478
42,Huiwanzhong2025-320241027_DL_13138.jpg,游丝藻,0.8674,484,6,680,312
43,Huiwanzhong2025-320241027_DL_13138.jpg,直链藻,0.2349,1325,14,1411,528
44,Huiwanzhong2025-320241027_DL_13139.jpg,游丝藻,0.8998,770,2,841,182
45,Huiwanzhong2025-320241027_DL_13139.jpg,微囊藻,0.4906,639,572,653,587
46,Huiwanzhong2025-320241027_DL_13141.jpg,游丝藻,0.6291,641,856,789,879
47,Huiwanzhong2025-320241027_DL_13141.jpg,微囊藻,0.3102,562,206,592,233
48,Huiwanzhong2025-320241027_DL_13142.jpg,游丝藻,0.8580,641,490,787,533
49,Huiwanzhong2025-320241027_DL_13143.jpg,微囊藻,0.6030,537,247,560,269
50,Huiwanzhong2025-320241027_DL_13143.jpg,游丝藻,0.5668,645,226,781,274
51,Huiwanzhong2025-320241027_DL_13143.jpg,微囊藻,0.5577,818,313,842,335
52,Huiwanzhong2025-320241027_DL_13143.jpg,微囊藻,0.2808,735,694,763,725
53,Huiwanzhong2025-320241027_DL_13144.jpg,微囊藻,0.6943,1032,620,1057,647
54,Huiwanzhong2025-320241027_DL_13145.jpg,游丝藻,0.7986,768,696,896,878
55,Huiwanzhong2025-320241027_DL_13145.jpg,微囊藻,0.2084,1027,291,1059,324
56,Huiwanzhong2025-320241027_DL_13146.jpg,游丝藻,0.9118,767,227,942,536
57,Huiwanzhong2025-320241027_DL_13147.jpg,游丝藻,0.6586,790,726,856,880
58,Huiwanzhong2025-320241027_DL_13148.jpg,游丝藻,0.9052,793,364,875,774
59,Huiwanzhong2025-320241027_DL_13148.jpg,微囊藻,0.4064,1335,267,1354,287
60,Huiwanzhong2025-320241027_DL_13148.jpg,微囊藻,0.2338,665,524,680,539
61,Huiwanzhong2025-320241027_DL_13149.jpg,游丝藻,0.9170,791,16,867,446
62,Huiwanzhong2025-320241027_DL_13149.jpg,微囊藻,0.3223,881,29,909,59
63,Huiwanzhong2025-320241027_DL_13149.jpg,微囊藻,0.1687,660,252,682,278
64,Huiwanzhong2025-320241027_DL_13150.jpg,游丝藻,0.9432,758,467,1032,781
65,Huiwanzhong2025-320241027_DL_13150.jpg,长孢藻,0.3626,286,3,368,62
66,Huiwanzhong2025-320241027_DL_13150.jpg,微囊藻,0.1976,1068,759,1085,777
67,Huiwanzhong2025-320241027_DL_13150.jpg,游丝藻,0.1727,0,1,80,382
68,Huiwanzhong2025-320241027_DL_13151.jpg,游丝藻,0.9399,758,86,1026,406
69,Huiwanzhong2025-320241027_DL_13152.jpg,游丝藻,0.7336,919,0,1022,82
70,Huiwanzhong2025-320241027_DL_13156.jpg,微囊藻,0.3695,685,841,698,855
71,Huiwanzhong2025-320241027_DL_13156.jpg,微囊藻,0.1620,1341,232,1358,248
72,Huiwanzhong2025-320241027_DL_13157.jpg,微囊藻,0.7122,682,532,700,551
73,Huiwanzhong2025-320241027_DL_13157.jpg,游丝藻,0.3649,1030,767,1090,878
74,Huiwanzhong2025-320241027_DL_13157.jpg,微囊藻,0.1850,583,285,612,316
75,Huiwanzhong2025-320241027_DL_13158.jpg,游丝藻,0.9175,1008,436,1081,783
76,Huiwanzhong2025-320241027_DL_13158.jpg,微囊藻,0.6039,678,263,700,288
77,Huiwanzhong2025-320241027_DL_13159.jpg,游丝藻,0.9246,1010,96,1073,435
78,Huiwanzhong2025-320241027_DL_13159.jpg,微囊藻,0.2972,675,0,702,24
79,Huiwanzhong2025-320241027_DL_13160.jpg,微囊藻,0.7125,678,687,699,709
80,Huiwanzhong2025-320241027_DL_13160.jpg,微囊藻,0.6266,789,764,821,797
81,Huiwanzhong2025-320241027_DL_13160.jpg,微囊藻,0.5633,686,463,709,487
82,Huiwanzhong2025-320241027_DL_13160.jpg,微囊藻,0.3088,1288,18,1309,41
83,Huiwanzhong2025-320241027_DL_13160.jpg,微囊藻,0.2671,993,631,1017,656
84,Huiwanzhong2025-320241027_DL_13161.jpg,微囊藻,0.6198,675,380,702,409
85,Huiwanzhong2025-320241027_DL_13161.jpg,微囊藻,0.3207,595,647,618,672
86,Huiwanzhong2025-320241027_DL_13161.jpg,微囊藻,0.3145,557,638,590,678
87,Huiwanzhong2025-320241027_DL_13161.jpg,微囊藻,0.3051,997,635,1018,659
88,Huiwanzhong2025-320241027_DL_13162.jpg,游丝藻,0.9285,867,451,1072,870
89,Huiwanzhong2025-320241027_DL_13162.jpg,微囊藻,0.5185,623,718,646,743
90,Huiwanzhong2025-320241027_DL_13162.jpg,微囊藻,0.1768,995,233,1013,253
91,Huiwanzhong2025-320241027_DL_13163.jpg,游丝藻,0.9341,867,15,1062,436
92,Huiwanzhong2025-320241027_DL_13163.jpg,微囊藻,0.1746,621,487,646,514
93,Huiwanzhong2025-320241027_DL_13164.jpg,游丝藻,0.8915,573,299,1400,703
94,Huiwanzhong2025-320241027_DL_13164.jpg,微囊藻,0.4189,177,156,195,176
95,Huiwanzhong2025-320241027_DL_13165.jpg,游丝藻,0.9016,590,4,1328,396
96,Huiwanzhong2025-320241027_DL_13165.jpg,游丝藻,0.8764,497,601,540,876
97,Huiwanzhong2025-320241027_DL_13166.jpg,游丝藻,0.8749,456,273,536,843
98,Huiwanzhong2025-320241027_DL_13166.jpg,游丝藻,0.7714,793,518,823,793
99,Huiwanzhong2025-320241027_DL_13166.jpg,游丝藻,0.4708,604,1,721,47
100,Huiwanzhong2025-320241027_DL_13167.jpg,游丝藻,0.8955,458,1,528,413
101,Huiwanzhong2025-320241027_DL_13167.jpg,游丝藻,0.8521,788,48,819,324
102,Huiwanzhong2025-320241027_DL_13167.jpg,直链藻,0.2481,1300,535,1410,878
103,Huiwanzhong2025-320241027_DL_13167.jpg,游丝藻,0.2322,1313,349,1349,626
104,Huiwanzhong2025-320241027_DL_13168.jpg,游丝藻,0.8372,458,0,513,117
105,Huiwanzhong2025-320241027_DL_13168.jpg,游丝藻,0.6245,1314,92,1345,351
106,Huiwanzhong2025-320241027_DL_13168.jpg,微囊藻,0.5054,774,721,796,745
107,Huiwanzhong2025-320241027_DL_13168.jpg,游丝藻,0.4385,1169,55,1411,768
108,Huiwanzhong2025-320241027_DL_13169.jpg,微囊藻,0.5740,772,429,795,455
109,Huiwanzhong2025-320241027_DL_13169.jpg,微囊藻,0.3351,388,461,407,488
110,Huiwanzhong2025-320241027_DL_13170.jpg,微囊藻,0.3118,388,248,406,270
111,Huiwanzhong2025-320241027_DL_13172.jpg,微囊藻,0.1595,0,323,103,439
112,Huiwanzhong2025-320241027_DL_13173.jpg,微囊藻,0.5239,0,0,99,87
113,Huiwanzhong2025-320241027_DL_13176.jpg,微囊藻,0.2082,76,780,117,837
114,Huiwanzhong2025-320241027_DL_13177.jpg,微囊藻,0.5027,881,584,922,626
115,Huiwanzhong2025-320241027_DL_13177.jpg,微囊藻,0.1740,992,511,1006,527
116,Huiwanzhong2025-320241027_DL_13179.jpg,微囊藻,0.3351,1137,351,1162,377
117,Huiwanzhong2025-320241027_DL_13179.jpg,微囊藻,0.1671,877,135,924,184
118,Huiwanzhong2025-320241027_DL_13180.jpg,微囊藻,0.5023,548,301,561,316
119,Huiwanzhong2025-320241027_DL_13181.jpg,隐藻,0.6865,776,10,818,39
120,Huiwanzhong2025-320241027_DL_13181.jpg,微囊藻,0.4587,1111,715,1132,737
121,Huiwanzhong2025-320241027_DL_13183.jpg,微囊藻,0.6835,552,767,577,797
122,Huiwanzhong2025-320241027_DL_13185.jpg,微囊藻,0.7239,553,510,577,538
123,Huiwanzhong2025-320241027_DL_13186.jpg,微囊藻,0.5168,333,662,346,675
124,Huiwanzhong2025-320241027_DL_13186.jpg,微囊藻,0.4230,548,380,577,414
125,Huiwanzhong2025-320241027_DL_13188.jpg,微囊藻,0.2385,1393,205,1409,224
126,Huiwanzhong2025-320241027_DL_13188.jpg,微囊藻,0.1603,328,360,348,381
127,Huiwanzhong2025-320241027_DL_13190.jpg,微囊藻,0.4379,888,140,915,171
128,Huiwanzhong2025-320241027_DL_13191.jpg,游丝藻,0.9081,452,451,568,806
129,Huiwanzhong2025-320241027_DL_13192.jpg,游丝藻,0.9259,445,118,563,481
130,Huiwanzhong2025-320241027_DL_13192.jpg,微囊藻,0.3293,703,784,724,807
131,Huiwanzhong2025-320241027_DL_13193.jpg,游丝藻,0.8967,475,1,556,211
132,Huiwanzhong2025-320241027_DL_13194.jpg,微囊藻,0.4499,701,395,726,422
133,Huiwanzhong2025-320241027_DL_13195.jpg,游丝藻,0.7427,844,552,1361,765
134,Huiwanzhong2025-320241027_DL_13195.jpg,微囊藻,0.1945,1198,855,1219,876
135,Huiwanzhong2025-320241027_DL_13196.jpg,游丝藻,0.8356,841,341,1361,518
136,Huiwanzhong2025-320241027_DL_13196.jpg,微囊藻,0.2639,1194,604,1218,630
137,Huiwanzhong2025-320241027_DL_13197.jpg,游丝藻,0.9193,835,98,1363,226
138,Huiwanzhong2025-320241027_DL_13198.jpg,游丝藻,0.8452,1323,667,1359,878
139,Huiwanzhong2025-320241027_DL_13198.jpg,微囊藻,0.5417,343,822,360,840
140,Huiwanzhong2025-320241027_DL_13199.jpg,游丝藻,0.7693,1315,389,1364,880
141,Huiwanzhong2025-320241027_DL_13199.jpg,微囊藻,0.5011,342,713,361,733
142,Huiwanzhong2025-320241027_DL_13200.jpg,微囊藻,0.5014,342,595,361,615
143,Huiwanzhong2025-320241027_DL_13200.jpg,其他,0.4764,1309,92,1364,664
144,Huiwanzhong2025-320241027_DL_13201.jpg,游丝藻,0.2251,1313,2,1360,313
145,Huiwanzhong2025-320241027_DL_13202.jpg,微囊藻,0.6656,795,566,815,589
146,Huiwanzhong2025-320241027_DL_13202.jpg,微囊藻,0.5464,425,664,446,688
147,Huiwanzhong2025-320241027_DL_13203.jpg,微囊藻,0.3864,792,325,816,351
148,Huiwanzhong2025-320241027_DL_13203.jpg,微囊藻,0.3736,424,576,444,598
149,Huiwanzhong2025-320241027_DL_13203.jpg,微囊藻,0.3248,892,834,916,860
150,Huiwanzhong2025-320241027_DL_13203.jpg,微囊藻,0.2621,640,697,680,732
151,Huiwanzhong2025-320241027_DL_13204.jpg,微囊藻,0.5643,887,554,912,581
152,Huiwanzhong2025-320241027_DL_13204.jpg,微囊藻,0.2321,1123,563,1139,579
153,Huiwanzhong2025-320241027_DL_13205.jpg,游丝藻,0.8994,1261,356,1359,630
154,Huiwanzhong2025-320241027_DL_13205.jpg,微囊藻,0.2353,1120,216,1137,235
155,Huiwanzhong2025-320241027_DL_13206.jpg,游丝藻,0.9104,1270,146,1351,422
156,Huiwanzhong2025-320241027_DL_13206.jpg,微囊藻,0.3567,429,840,445,857
157,Huiwanzhong2025-320241027_DL_13206.jpg,微囊藻,0.2137,287,558,307,580
158,Huiwanzhong2025-320241027_DL_13207.jpg,游丝藻,0.8630,1273,0,1347,174
159,Huiwanzhong2025-320241027_DL_13207.jpg,微囊藻,0.4519,428,687,446,706
160,Huiwanzhong2025-320241027_DL_13207.jpg,微囊藻,0.2961,371,509,394,533
161,Huiwanzhong2025-320241027_DL_13208.jpg,微囊藻,0.1991,425,488,445,510
162,Huiwanzhong2025-320241027_DL_13209.jpg,微囊藻,0.4313,299,728,311,740
163,Huiwanzhong2025-320241027_DL_13210.jpg,微囊藻,0.6544,297,539,312,555
164,Huiwanzhong2025-320241027_DL_13210.jpg,微囊藻,0.3896,725,7,744,28
165,Huiwanzhong2025-320241027_DL_13211.jpg,微囊藻,0.6092,294,349,314,369
166,Huiwanzhong2025-320241027_DL_13211.jpg,微囊藻,0.3528,847,510,874,537
167,Huiwanzhong2025-320241027_DL_13213.jpg,微囊藻,0.5242,1131,583,1161,614
168,Huiwanzhong2025-320241027_DL_13213.jpg,微囊藻,0.5055,1202,612,1222,631
169,Huiwanzhong2025-320241027_DL_13213.jpg,微囊藻,0.4894,686,839,712,863
170,Huiwanzhong2025-320241027_DL_13213.jpg,微囊藻,0.3364,723,823,739,842
171,Huiwanzhong2025-320241027_DL_13213.jpg,微囊藻,0.2148,607,426,627,448
172,Huiwanzhong2025-320241027_DL_13213.jpg,微囊藻,0.1711,864,634,884,656
173,Huiwanzhong2025-320241027_DL_13214.jpg,微囊藻,0.4935,685,510,709,533
174,Huiwanzhong2025-320241027_DL_13214.jpg,微囊藻,0.4296,1195,231,1222,259
175,Huiwanzhong2025-320241027_DL_13214.jpg,微囊藻,0.1670,1126,243,1160,281
176,Huiwanzhong2025-320241027_DL_13215.jpg,游丝藻,0.3852,460,263,667,350
177,Huiwanzhong2025-320241027_DL_13215.jpg,栅藻,0.1604,680,216,709,246
178,Huiwanzhong2025-320241027_DL_13216.jpg,游丝藻,0.9121,758,468,1108,844
179,Huiwanzhong2025-320241027_DL_13216.jpg,微囊藻,0.4322,279,739,321,784
180,Huiwanzhong2025-320241027_DL_13217.jpg,游丝藻,0.9407,753,115,1099,512
181,Huiwanzhong2025-320241027_DL_13217.jpg,微囊藻,0.2450,1142,611,1165,637
182,Huiwanzhong2025-320241027_DL_13217.jpg,微囊藻,0.2243,874,732,899,758
183,Huiwanzhong2025-320241027_DL_13218.jpg,游丝藻,0.8865,758,1,927,190
184,Huiwanzhong2025-320241027_DL_13218.jpg,微囊藻,0.4146,1137,285,1165,317
185,Huiwanzhong2025-320241027_DL_13218.jpg,微囊藻,0.3199,431,735,586,875
186,Huiwanzhong2025-320241027_DL_13218.jpg,微囊藻,0.3183,868,516,900,549
187,Huiwanzhong2025-320241027_DL_13218.jpg,微囊藻,0.2096,341,623,352,634
188,Huiwanzhong2025-320241027_DL_13219.jpg,游丝藻,0.7529,1240,687,1275,878
189,Huiwanzhong2025-320241027_DL_13219.jpg,微囊藻,0.5443,801,653,817,670
190,Huiwanzhong2025-320241027_DL_13219.jpg,小环藻,0.2136,457,524,540,595
191,Huiwanzhong2025-320241027_DL_13220.jpg,游丝藻,0.8149,1212,282,1280,880
192,Huiwanzhong2025-320241027_DL_13220.jpg,微囊藻,0.3004,794,307,817,334
193,Huiwanzhong2025-320241027_DL_13221.jpg,游丝藻,0.8220,1201,0,1282,617
194,Huiwanzhong2025-320241027_DL_13221.jpg,微囊藻,0.5056,636,699,651,718
195,Huiwanzhong2025-320241027_DL_13221.jpg,微囊藻,0.2847,770,561,795,594
196,Huiwanzhong2025-320241027_DL_13221.jpg,微囊藻,0.2554,790,34,819,67
197,Huiwanzhong2025-320241027_DL_13222.jpg,游丝藻,0.8154,1203,2,1295,317
198,Huiwanzhong2025-320241027_DL_13222.jpg,微囊藻,0.3056,634,508,653,531
199,Huiwanzhong2025-320241027_DL_13224.jpg,游丝藻,0.7640,0,0,83,318
200,Huiwanzhong2025-320241027_DL_13224.jpg,微囊藻,0.3720,628,372,662,400
201,Huiwanzhong2025-320241027_DL_13224.jpg,微囊藻,0.2646,848,635,861,651
202,Huiwanzhong2025-320241027_DL_13225.jpg,微囊藻,0.6392,654,395,670,413
203,Huiwanzhong2025-320241027_DL_13226.jpg,微囊藻,0.2634,1174,507,1197,531
204,Huiwanzhong2025-320241027_DL_13226.jpg,微囊藻,0.1742,646,29,673,59
205,Huiwanzhong2025-320241027_DL_13227.jpg,微囊藻,0.3732,336,805,371,847
206,Huiwanzhong2025-320241027_DL_13227.jpg,微囊藻,0.2207,285,519,299,534
207,Huiwanzhong2025-320241027_DL_13227.jpg,微囊藻,0.2101,697,117,715,135
208,Huiwanzhong2025-320241027_DL_13227.jpg,微囊藻,0.2023,695,87,726,129
209,Huiwanzhong2025-320241027_DL_13228.jpg,直链藻,0.7825,702,770,761,878
210,Huiwanzhong2025-320241027_DL_13229.jpg,直链藻,0.8944,703,393,773,693
211,Huiwanzhong2025-320241027_DL_13230.jpg,游丝藻,0.9045,180,423,692,516
212,Huiwanzhong2025-320241027_DL_13230.jpg,直链藻,0.7734,696,1,768,264
213,Huiwanzhong2025-320241027_DL_13230.jpg,游丝藻,0.7006,802,759,833,875
214,Huiwanzhong2025-320241027_DL_13231.jpg,游丝藻,0.8495,798,365,837,558
215,Huiwanzhong2025-320241027_DL_13231.jpg,卵囊藻,0.2526,123,563,192,633
216,Huiwanzhong2025-320241027_DL_13232.jpg,游丝藻,0.7843,792,63,834,222
217,Huiwanzhong2025-320241027_DL_13232.jpg,小环藻,0.2890,125,221,186,277
218,Huiwanzhong2025-320241027_DL_13234.jpg,微囊藻,0.2484,668,509,685,528
219,Huiwanzhong2025-320241027_DL_13235.jpg,游丝藻,0.9007,622,728,814,877
220,Huiwanzhong2025-320241027_DL_13235.jpg,微囊藻,0.2286,474,688,494,709
221,Huiwanzhong2025-320241027_DL_13236.jpg,游丝藻,0.9220,647,337,1079,858
222,Huiwanzhong2025-320241027_DL_13237.jpg,游丝藻,0.9398,684,1,1072,494
223,Huiwanzhong2025-320241027_DL_13238.jpg,微囊藻,0.5575,930,783,957,810
224,Huiwanzhong2025-320241027_DL_13238.jpg,微囊藻,0.1608,1043,695,1092,754
225,Huiwanzhong2025-320241027_DL_13239.jpg,微囊藻,0.5959,880,791,904,817
226,Huiwanzhong2025-320241027_DL_13239.jpg,微囊藻,0.1998,1037,293,1087,348
227,Huiwanzhong2025-320241027_DL_13240.jpg,微囊藻,0.2695,874,501,902,529
228,Huiwanzhong2025-320241027_DL_13240.jpg,隐藻,0.2524,407,374,464,419
229,Huiwanzhong2025-320241027_DL_13240.jpg,微囊藻,0.1528,967,558,979,571
230,Huiwanzhong2025-320241027_DL_13241.jpg,微囊藻,0.5449,985,495,1004,513
231,Huiwanzhong2025-320241027_DL_13242.jpg,微囊藻,0.4440,980,167,1006,193
232,Huiwanzhong2025-320241027_DL_13242.jpg,微囊藻,0.2418,892,723,952,787
233,Huiwanzhong2025-320241027_DL_13244.jpg,微囊藻,0.4675,845,561,872,589
234,Huiwanzhong2025-320241027_DL_13244.jpg,微囊藻,0.3186,837,534,870,562
235,Huiwanzhong2025-320241027_DL_13244.jpg,微囊藻,0.3124,565,579,580,595
236,Huiwanzhong2025-320241027_DL_13244.jpg,微囊藻,0.2757,881,548,907,575
237,Huiwanzhong2025-320241027_DL_13244.jpg,微囊藻,0.2599,843,506,869,531
238,Huiwanzhong2025-320241027_DL_13244.jpg,微囊藻,0.2217,880,143,900,164
239,Huiwanzhong2025-320241027_DL_13245.jpg,微囊藻,0.4937,714,735,735,758
240,Huiwanzhong2025-320241027_DL_13245.jpg,微囊藻,0.3215,559,226,582,250
241,Huiwanzhong2025-320241027_DL_13246.jpg,微囊藻,0.6428,711,491,732,513
242,Huiwanzhong2025-320241027_DL_13246.jpg,微囊藻,0.4659,653,752,668,767
243,Huiwanzhong2025-320241027_DL_13246.jpg,微囊藻,0.3635,886,759,912,786
244,Huiwanzhong2025-320241027_DL_13246.jpg,其他,0.2346,744,776,978,876
245,Huiwanzhong2025-320241027_DL_13247.jpg,微囊藻,0.4632,729,276,771,318
246,Huiwanzhong2025-320241027_DL_13247.jpg,微囊藻,0.1706,885,525,911,552
247,Huiwanzhong2025-320241027_DL_13248.jpg,微囊藻,0.4829,1264,358,1286,381
248,Huiwanzhong2025-320241027_DL_13249.jpg,微囊藻,0.3584,1038,204,1048,215
249,Huiwanzhong2025-320241027_DL_13249.jpg,微囊藻,0.2401,702,338,721,360
250,Huiwanzhong2025-320241027_DL_13249.jpg,微囊藻,0.1937,1259,4,1290,35
251,Huiwanzhong2025-320241027_DL_13250.jpg,微囊藻,0.5906,889,801,910,824
252,Huiwanzhong2025-320241027_DL_13251.jpg,微囊藻,0.3807,888,547,910,569
253,Huiwanzhong2025-320241027_DL_13252.jpg,微囊藻,0.4365,753,404,787,442
254,Huiwanzhong2025-320241027_DL_13252.jpg,微囊藻,0.3912,606,222,625,242
255,Huiwanzhong2025-320241027_DL_13252.jpg,微囊藻,0.2331,868,187,890,213
256,Huiwanzhong2025-320241027_DL_13259.jpg,微囊藻,0.3207,259,651,282,672
257,Huiwanzhong2025-320241027_DL_13260.jpg,微囊藻,0.4256,626,703,639,718
258,Huiwanzhong2025-320241027_DL_13260.jpg,微囊藻,0.2051,260,555,283,578
259,Huiwanzhong2025-320241027_DL_13260.jpg,微囊藻,0.1827,835,396,867,425
260,Huiwanzhong2025-320241027_DL_13260.jpg,微囊藻,0.1742,417,479,432,494
261,Huiwanzhong2025-320241027_DL_13261.jpg,游丝藻,0.4909,1093,686,1195,854
262,Huiwanzhong2025-320241027_DL_13261.jpg,微囊藻,0.2336,547,27,571,52
263,Huiwanzhong2025-320241027_DL_13263.jpg,游丝藻,0.5040,1092,202,1203,380
264,Huiwanzhong2025-320241027_DL_13264.jpg,微囊藻,0.5403,787,804,813,833
265,Huiwanzhong2025-320241027_DL_13265.jpg,微囊藻,0.4734,784,605,814,635
266,Huiwanzhong2025-320241027_DL_13265.jpg,微囊藻,0.3261,912,368,924,380
267,Huiwanzhong2025-320241027_DL_13266.jpg,微囊藻,0.4347,782,343,811,376
268,Huiwanzhong2025-320241027_DL_13266.jpg,微囊藻,0.3261,828,357,855,385
269,Huiwanzhong2025-320241027_DL_13266.jpg,微囊藻,0.2000,423,342,465,387
270,Huiwanzhong2025-320241027_DL_13267.jpg,微囊藻,0.6442,819,10,858,49
271,Huiwanzhong2025-320241027_DL_13267.jpg,微囊藻,0.4169,638,854,659,875
272,Huiwanzhong2025-320241027_DL_13267.jpg,微囊藻,0.3136,983,830,1018,869
273,Huiwanzhong2025-320241027_DL_13267.jpg,微囊藻,0.1991,777,126,813,167
274,Huiwanzhong2025-320241027_DL_13267.jpg,微囊藻,0.1989,707,309,723,329
275,Huiwanzhong2025-320241027_DL_13268.jpg,微囊藻,0.1848,843,761,881,785
276,Huiwanzhong2025-320241027_DL_13268.jpg,微囊藻,0.1716,635,562,657,585
277,Huiwanzhong2025-320241027_DL_13271.jpg,微囊藻,0.3274,342,205,367,228
278,Huiwanzhong2025-320241027_DL_13272.jpg,微囊藻,0.5558,821,543,838,562
279,Huiwanzhong2025-320241027_DL_13272.jpg,微囊藻,0.2336,984,187,1005,209
280,Huiwanzhong2025-320241027_DL_13273.jpg,微囊藻,0.3305,491,381,515,407
281,Huiwanzhong2025-320241027_DL_13274.jpg,微囊藻,0.5866,488,124,514,151
282,Huiwanzhong2025-320241027_DL_13274.jpg,微囊藻,0.5505,968,698,980,711
283,Huiwanzhong2025-320241027_DL_13274.jpg,微囊藻,0.5142,610,154,621,167
284,Huiwanzhong2025-320241027_DL_13274.jpg,微囊藻,0.1863,1140,667,1155,683
285,Huiwanzhong2025-320241027_DL_13274.jpg,盘星藻,0.1564,1061,788,1121,856
286,Huiwanzhong2025-320241027_DL_13275.jpg,游丝藻,0.5116,1238,463,1411,735
287,Huiwanzhong2025-320241027_DL_13275.jpg,微囊藻,0.4370,671,616,688,634
288,Huiwanzhong2025-320241027_DL_13275.jpg,微囊藻,0.3194,960,292,983,317
289,Huiwanzhong2025-320241027_DL_13276.jpg,游丝藻,0.7572,1232,3,1411,371
290,Huiwanzhong2025-320241027_DL_13276.jpg,微囊藻,0.4190,664,581,675,592
291,Huiwanzhong2025-320241027_DL_13276.jpg,微囊藻,0.3898,291,463,306,478
292,Huiwanzhong2025-320241027_DL_13276.jpg,微囊藻,0.3127,668,358,690,382
293,Huiwanzhong2025-320241027_DL_13277.jpg,微囊藻,0.6878,658,254,677,276
294,Huiwanzhong2025-320241027_DL_13278.jpg,微囊藻,0.6811,861,663,881,687
295,Huiwanzhong2025-320241027_DL_13278.jpg,微囊藻,0.6159,984,818,1010,848
296,Huiwanzhong2025-320241027_DL_13278.jpg,微囊藻,0.3197,693,780,742,839
297,Huiwanzhong2025-320241027_DL_13278.jpg,微囊藻,0.1973,509,418,519,430
298,Huiwanzhong2025-320241027_DL_13278.jpg,微囊藻,0.1684,800,315,820,334
299,Huiwanzhong2025-320241027_DL_13279.jpg,微囊藻,0.5417,978,389,1005,418
300,Huiwanzhong2025-320241027_DL_13279.jpg,微囊藻,0.5214,502,38,522,62
301,Huiwanzhong2025-320241027_DL_13279.jpg,微囊藻,0.4820,856,247,881,274
302,Huiwanzhong2025-320241027_DL_13279.jpg,微囊藻,0.3062,690,420,739,481
303,Huiwanzhong2025-320241027_DL_13279.jpg,浮丝藻,0.2690,355,507,407,562
304,Huiwanzhong2025-320241027_DL_13279.jpg,微囊藻,0.1584,1060,471,1092,507
305,Huiwanzhong2025-320241027_DL_13280.jpg,微囊藻,0.4565,972,45,1007,83
306,Huiwanzhong2025-320241027_DL_13280.jpg,微囊藻,0.4155,914,809,930,826
307,Huiwanzhong2025-320241027_DL_13280.jpg,微囊藻,0.3775,401,45,419,65
308,Huiwanzhong2025-320241027_DL_13280.jpg,微囊藻,0.3569,1055,133,1093,175
309,Huiwanzhong2025-320241027_DL_13280.jpg,微囊藻,0.2784,1302,112,1354,168
310,Huiwanzhong2025-320241027_DL_13281.jpg,微囊藻,0.4441,909,393,931,417
311,Huiwanzhong2025-320241027_DL_13283.jpg,微囊藻,0.1791,1089,239,1108,261
312,Huiwanzhong2025-320241027_DL_13283.jpg,微囊藻,0.1613,1068,241,1089,263
313,Huiwanzhong2025-320241027_DL_13286.jpg,卵囊藻,0.7839,1260,799,1338,869
314,Huiwanzhong2025-320241027_DL_13286.jpg,微囊藻,0.3534,1124,794,1160,830
315,Huiwanzhong2025-320241027_DL_13286.jpg,微囊藻,0.1735,968,232,981,246
316,Huiwanzhong2025-320241027_DL_13287.jpg,卵囊藻,0.8523,1253,432,1333,507
317,Huiwanzhong2025-320241027_DL_13287.jpg,微囊藻,0.1533,1008,294,1035,322
318,Huiwanzhong2025-320241027_DL_13288.jpg,卵囊藻,0.4177,1248,38,1333,119
319,Huiwanzhong2025-320241027_DL_13292.jpg,游丝藻,0.2145,357,338,434,514
320,Huiwanzhong2025-320241027_DL_13294.jpg,微囊藻,0.5820,826,139,837,152
321,Huiwanzhong2025-320241027_DL_13297.jpg,浮丝藻,0.5235,1251,429,1282,723
322,Huiwanzhong2025-320241027_DL_13298.jpg,束丝藻,0.5916,1249,89,1279,386
323,Huiwanzhong2025-320241027_DL_13298.jpg,微囊藻,0.3599,374,517,388,531
324,Huiwanzhong2025-320241027_DL_13299.jpg,微囊藻,0.4901,369,291,390,313
325,Huiwanzhong2025-320241027_DL_13299.jpg,丝状藻,0.4673,1249,0,1277,64
326,Huiwanzhong2025-320241027_DL_13300.jpg,微囊藻,0.3978,366,44,389,69
327,Huiwanzhong2025-320241027_DL_13303.jpg,微囊藻,0.4089,693,843,720,870
328,Huiwanzhong2025-320241027_DL_13304.jpg,微囊藻,0.3372,359,472,372,486
329,Huiwanzhong2025-320241027_DL_13304.jpg,微囊藻,0.3202,736,473,748,486
330,Huiwanzhong2025-320241027_DL_13304.jpg,微囊藻,0.1714,469,307,482,320
331,Huiwanzhong2025-320241027_DL_13304.jpg,微囊藻,0.1656,1333,714,1361,742
332,Huiwanzhong2025-320241027_DL_13305.jpg,微囊藻,0.6035,782,675,806,701
333,Huiwanzhong2025-320241027_DL_13305.jpg,微囊藻,0.5567,354,241,372,260
334,Huiwanzhong2025-320241027_DL_13306.jpg,微囊藻,0.6187,872,824,904,857
335,Huiwanzhong2025-320241027_DL_13306.jpg,微囊藻,0.3905,350,4,373,30
336,Huiwanzhong2025-320241027_DL_13306.jpg,微囊藻,0.3550,779,444,804,469
337,Huiwanzhong2025-320241027_DL_13307.jpg,微囊藻,0.6021,868,504,902,545
338,Huiwanzhong2025-320241027_DL_13307.jpg,微囊藻,0.4335,713,448,737,474
339,Huiwanzhong2025-320241027_DL_13308.jpg,微囊藻,0.2232,647,204,659,218
340,Huiwanzhong2025-320241027_DL_13309.jpg,游丝藻,0.9051,824,752,1071,877
341,Huiwanzhong2025-320241027_DL_13310.jpg,游丝藻,0.8903,783,490,1065,670
342,Huiwanzhong2025-320241027_DL_13311.jpg,游丝藻,0.6964,779,252,1065,434
343,Huiwanzhong2025-320241027_DL_13311.jpg,微囊藻,0.2056,1272,762,1291,781
344,Huiwanzhong2025-320241027_DL_13312.jpg,微囊藻,0.3014,1268,459,1287,480
345,Huiwanzhong2025-320241027_DL_13313.jpg,微囊藻,0.2635,283,373,308,398
346,Huiwanzhong2025-320241027_DL_13314.jpg,微囊藻,0.4780,281,156,306,182
347,Huiwanzhong2025-320241027_DL_13317.jpg,小环藻,0.7978,918,120,985,177
348,Huiwanzhong2025-320241027_DL_13317.jpg,微囊藻,0.2806,906,811,927,834
349,Huiwanzhong2025-320241027_DL_13318.jpg,微囊藻,0.5838,842,771,862,792
350,Huiwanzhong2025-320241027_DL_13318.jpg,微囊藻,0.3789,904,560,926,585
351,Huiwanzhong2025-320241027_DL_13319.jpg,微囊藻,0.5601,952,524,968,542
352,Huiwanzhong2025-320241027_DL_13319.jpg,微囊藻,0.4736,1145,589,1162,608
353,Huiwanzhong2025-320241027_DL_13319.jpg,微囊藻,0.2871,809,508,823,524
354,Huiwanzhong2025-320241027_DL_13320.jpg,微囊藻,0.5206,952,562,977,598
355,Huiwanzhong2025-320241027_DL_13320.jpg,微囊藻,0.3912,945,181,968,207
356,Huiwanzhong2025-320241027_DL_13322.jpg,微囊藻,0.1913,333,651,347,665
357,Huiwanzhong2025-320241027_DL_13323.jpg,微囊藻,0.4819,751,38,774,62
358,Huiwanzhong2025-320241027_DL_13323.jpg,微囊藻,0.4550,329,500,346,518
359,Huiwanzhong2025-320241027_DL_13323.jpg,微囊藻,0.2981,525,719,536,731
360,Huiwanzhong2025-320241027_DL_13324.jpg,微囊藻,0.1514,323,334,345,357
361,Huiwanzhong2025-320241027_DL_13326.jpg,微囊藻,0.4061,972,511,989,530
362,Huiwanzhong2025-320241027_DL_13330.jpg,游丝藻,0.6771,605,498,1017,750
363,Huiwanzhong2025-320241027_DL_13331.jpg,游丝藻,0.9171,609,153,1014,413
364,Huiwanzhong2025-320241027_DL_13331.jpg,微囊藻,0.3733,1367,832,1397,863
365,Huiwanzhong2025-320241027_DL_13332.jpg,游丝藻,0.7873,607,0,856,138
366,Huiwanzhong2025-320241027_DL_13332.jpg,微囊藻,0.3065,1361,553,1394,587
367,Huiwanzhong2025-320241027_DL_13333.jpg,小环藻,0.8573,421,800,466,843
368,Huiwanzhong2025-320241027_DL_13333.jpg,微囊藻,0.4608,1154,406,1168,422
369,Huiwanzhong2025-320241027_DL_13333.jpg,微囊藻,0.3598,935,355,947,367
370,Huiwanzhong2025-320241027_DL_13334.jpg,微囊藻,0.2948,1148,12,1170,38
371,Huiwanzhong2025-320241027_DL_13334.jpg,微囊藻,0.1822,711,547,726,563
372,Huiwanzhong2025-320241027_DL_13335.jpg,微囊藻,0.4941,706,196,722,215
373,Huiwanzhong2025-320241027_DL_13337.jpg,微囊藻,0.5597,805,650,836,681
374,Huiwanzhong2025-320241027_DL_13337.jpg,微囊藻,0.1798,871,641,887,656
375,Huiwanzhong2025-320241027_DL_13338.jpg,微囊藻,0.7124,802,292,832,324
376,Huiwanzhong2025-320241027_DL_13338.jpg,微囊藻,0.5180,864,269,888,293
377,Huiwanzhong2025-320241027_DL_13344.jpg,微囊藻,0.5289,1110,504,1145,544
378,Huiwanzhong2025-320241027_DL_13344.jpg,微囊藻,0.2439,1305,154,1329,180
379,Huiwanzhong2025-320241027_DL_13345.jpg,微囊藻,0.2933,1192,817,1205,831
380,Huiwanzhong2025-320241027_DL_13346.jpg,微囊藻,0.5699,1183,440,1204,462
381,Huiwanzhong2025-320241027_DL_13346.jpg,微囊藻,0.3769,917,657,937,679
382,Huiwanzhong2025-320241027_DL_13347.jpg,微囊藻,0.5499,1178,125,1201,151
383,Huiwanzhong2025-320241027_DL_13347.jpg,微囊藻,0.1611,914,377,938,404
384,Huiwanzhong2025-320241027_DL_13348.jpg,游丝藻,0.8825,1272,680,1410,875
385,Huiwanzhong2025-320241027_DL_13348.jpg,微囊藻,0.2957,1074,222,1087,235
386,Huiwanzhong2025-320241027_DL_13349.jpg,游丝藻,0.5304,1265,307,1410,528
387,Huiwanzhong2025-320241027_DL_13351.jpg,微囊藻,0.4986,661,744,679,763
388,Huiwanzhong2025-320241027_DL_13356.jpg,微囊藻,0.3524,966,788,990,813
389,Huiwanzhong2025-320241027_DL_13358.jpg,微囊藻,0.6259,710,385,727,404
390,Huiwanzhong2025-320241027_DL_13360.jpg,微囊藻,0.4068,300,703,318,722
391,Huiwanzhong2025-320241027_DL_13360.jpg,微囊藻,0.2174,755,798,767,810
392,Huiwanzhong2025-320241027_DL_13361.jpg,游丝藻,0.7304,8,0,72,237
393,Huiwanzhong2025-320241027_DL_13361.jpg,微囊藻,0.5743,750,530,768,550
394,Huiwanzhong2025-320241027_DL_13361.jpg,微囊藻,0.4144,471,225,490,246
395,Huiwanzhong2025-320241027_DL_13361.jpg,微囊藻,0.1595,642,230,654,244
396,Huiwanzhong2025-320241027_DL_13362.jpg,游丝藻,0.9221,584,671,739,877
397,Huiwanzhong2025-320241027_DL_13363.jpg,游丝藻,0.9405,580,226,889,705
398,Huiwanzhong2025-320241027_DL_13364.jpg,游丝藻,0.9378,576,2,887,414
399,Huiwanzhong2025-320241027_DL_13365.jpg,游丝藻,0.8767,778,0,890,124
400,Huiwanzhong2025-320241027_DL_13365.jpg,游丝藻,0.6186,952,507,1039,880
401,Huiwanzhong2025-320241027_DL_13365.jpg,微囊藻,0.3394,538,739,555,759
402,Huiwanzhong2025-320241027_DL_13366.jpg,游丝藻,0.8769,954,176,1029,580
403,Huiwanzhong2025-320241027_DL_13366.jpg,微囊藻,0.4596,536,541,555,563
404,Huiwanzhong2025-320241027_DL_13367.jpg,游丝藻,0.8587,955,0,1021,239
405,Huiwanzhong2025-320241027_DL_13367.jpg,微囊藻,0.4359,951,620,970,638
406,Huiwanzhong2025-320241027_DL_13367.jpg,微囊藻,0.3543,851,42,874,70
407,Huiwanzhong2025-320241027_DL_13368.jpg,微囊藻,0.5004,946,279,967,301
408,Huiwanzhong2025-320241027_DL_13368.jpg,微囊藻,0.1728,789,485,807,505
409,Huiwanzhong2025-320241027_DL_13369.jpg,微囊藻,0.2855,385,299,409,325
410,Huiwanzhong2025-320241027_DL_13371.jpg,微囊藻,0.3871,1077,192,1094,210
411,Huiwanzhong2025-320241027_DL_13372.jpg,微囊藻,0.3644,862,445,879,463
412,Huiwanzhong2025-320241027_DL_13372.jpg,微囊藻,0.2480,1075,719,1091,734
413,Huiwanzhong2025-320241027_DL_13373.jpg,微囊藻,0.2067,168,778,192,803
414,Huiwanzhong2025-320241027_DL_13376.jpg,微囊藻,0.4208,1393,776,1411,802
415,Huiwanzhong2025-320241027_DL_13377.jpg,微囊藻,0.4462,1384,370,1410,401
416,Huiwanzhong2025-320241027_DL_13377.jpg,微囊藻,0.1529,1244,607,1260,629
417,Huiwanzhong2025-320241027_DL_13379.jpg,微囊藻,0.4503,1309,835,1336,863
418,Huiwanzhong2025-320241027_DL_13380.jpg,微囊藻,0.4756,962,773,989,802
419,Huiwanzhong2025-320241027_DL_13380.jpg,微囊藻,0.3456,1300,395,1333,430
420,Huiwanzhong2025-320241027_DL_13384.jpg,游丝藻,0.8263,786,813,940,876
421,Huiwanzhong2025-320241027_DL_13384.jpg,微囊藻,0.2218,1330,739,1366,775
422,Huiwanzhong2025-320241027_DL_13385.jpg,游丝藻,0.9136,653,314,934,468
423,Huiwanzhong2025-320241027_DL_13385.jpg,游丝藻,0.6279,1306,806,1411,875
424,Huiwanzhong2025-320241027_DL_13386.jpg,游丝藻,0.4606,1303,370,1411,458
425,Huiwanzhong2025-320241027_DL_13389.jpg,微囊藻,0.2674,1179,706,1192,721
426,Huiwanzhong2025-320241027_DL_13391.jpg,微囊藻,0.2017,1081,685,1091,696
427,Huiwanzhong2025-320241027_DL_13392.jpg,微囊藻,0.5366,501,445,531,471
428,Huiwanzhong2025-320241027_DL_13393.jpg,长孢藻,0.7229,1320,373,1411,875
429,Huiwanzhong2025-320241027_DL_13393.jpg,微囊藻,0.2684,495,35,530,71
430,Huiwanzhong2025-320241027_DL_13393.jpg,微囊藻,0.1576,769,20,782,35
431,Huiwanzhong2025-320241027_DL_13394.jpg,微囊藻,0.4396,655,732,670,748
432,Huiwanzhong2025-320241027_DL_13394.jpg,微囊藻,0.3437,1026,654,1046,676
433,Huiwanzhong2025-320241027_DL_13394.jpg,长孢藻,0.2693,1321,1,1411,278
434,Huiwanzhong2025-320241027_DL_13395.jpg,微囊藻,0.7538,651,254,667,271
435,Huiwanzhong2025-320241027_DL_13395.jpg,微囊藻,0.6614,969,605,988,624
436,Huiwanzhong2025-320241027_DL_13395.jpg,微囊藻,0.4549,956,621,968,635
437,Huiwanzhong2025-320241027_DL_13396.jpg,游丝藻,0.8676,960,494,1081,880
438,Huiwanzhong2025-320241027_DL_13396.jpg,微囊藻,0.3519,947,123,967,147
439,Huiwanzhong2025-320241027_DL_13397.jpg,游丝藻,0.8869,954,2,1070,310
440,Huiwanzhong2025-320241027_DL_13397.jpg,微囊藻,0.2670,1121,434,1144,460
441,Huiwanzhong2025-320241027_DL_13397.jpg,微囊藻,0.1765,1126,507,1140,521
442,Huiwanzhong2025-320241027_DL_13398.jpg,隐藻,0.9017,1102,544,1167,622
443,Huiwanzhong2025-320241027_DL_13398.jpg,微囊藻,0.2465,1119,1,1143,24
444,Huiwanzhong2025-320241027_DL_13399.jpg,隐藻,0.6693,1098,77,1163,144
445,Huiwanzhong2025-320241027_DL_13399.jpg,小环藻,0.4831,793,177,867,246
446,Huiwanzhong2025-320241027_DL_13399.jpg,微囊藻,0.3721,909,410,932,435
447,Huiwanzhong2025-320241027_DL_13400.jpg,微囊藻,0.4026,901,9,934,46
448,Huiwanzhong2025-320241027_DL_13400.jpg,微囊藻,0.3443,234,671,246,683
449,Huiwanzhong2025-320241027_DL_13401.jpg,微囊藻,0.2368,229,472,248,491
450,Huiwanzhong2025-320241027_DL_13403.jpg,空星藻,0.4731,841,662,906,724
451,Huiwanzhong2025-320241027_DL_13403.jpg,微囊藻,0.3624,619,65,639,85
452,Huiwanzhong2025-320241027_DL_13403.jpg,微囊藻,0.3363,1107,188,1118,200
453,Huiwanzhong2025-320241027_DL_13403.jpg,微囊藻,0.2040,726,749,741,766
454,Huiwanzhong2025-320241027_DL_13406.jpg,微囊藻,0.3823,1386,722,1410,749
455,Huiwanzhong2025-320241027_DL_13406.jpg,微囊藻,0.1712,1256,702,1280,729
456,Huiwanzhong2025-320241027_DL_13408.jpg,微囊藻,0.4677,744,461,773,482
457,Huiwanzhong2025-320241027_DL_13409.jpg,微囊藻,0.6634,790,832,816,861
458,Huiwanzhong2025-320241027_DL_13410.jpg,微囊藻,0.5076,1378,421,1405,449
459,Huiwanzhong2025-320241027_DL_13410.jpg,微囊藻,0.3942,787,533,815,562
460,Huiwanzhong2025-320241027_DL_13411.jpg,微囊藻,0.7197,529,695,547,715
461,Huiwanzhong2025-320241027_DL_13412.jpg,微囊藻,0.6652,532,592,549,610
462,Huiwanzhong2025-320241027_DL_13412.jpg,小环藻,0.6066,909,397,946,434
463,Huiwanzhong2025-320241027_DL_13412.jpg,微囊藻,0.4661,522,316,546,342
464,Huiwanzhong2025-320241027_DL_13412.jpg,微囊藻,0.3147,1139,127,1161,152
465,Huiwanzhong2025-320241027_DL_13413.jpg,微囊藻,0.3024,1371,50,1391,73
466,Huiwanzhong2025-320241027_DL_13413.jpg,微囊藻,0.2119,528,307,551,331
467,Huiwanzhong2025-320241027_DL_13415.jpg,微囊藻,0.4256,268,535,293,559
468,Huiwanzhong2025-320241027_DL_13415.jpg,微囊藻,0.3412,474,576,490,592
469,Huiwanzhong2025-320241027_DL_13416.jpg,微囊藻,0.5303,809,616,824,633
470,Huiwanzhong2025-320241027_DL_13416.jpg,微囊藻,0.2787,266,205,290,226
471,Huiwanzhong2025-320241027_DL_13417.jpg,微囊藻,0.5344,802,80,823,104
472,Huiwanzhong2025-320241027_DL_13417.jpg,微囊藻,0.4265,1010,558,1032,581
473,Huiwanzhong2025-320241027_DL_13417.jpg,微囊藻,0.3211,1173,678,1193,701
474,Huiwanzhong2025-320241027_DL_13421.jpg,微囊藻,0.4969,1068,745,1088,771
475,Huiwanzhong2025-320241027_DL_13422.jpg,微囊藻,0.5550,1228,514,1254,541
476,Huiwanzhong2025-320241027_DL_13422.jpg,微囊藻,0.3129,1064,305,1083,328
477,Huiwanzhong2025-320241027_DL_13422.jpg,微囊藻,0.2890,1223,456,1249,482
478,Huiwanzhong2025-320241027_DL_13422.jpg,微囊藻,0.2671,1134,506,1150,523
479,Huiwanzhong2025-320241027_DL_13422.jpg,微囊藻,0.2053,1191,700,1209,719
480,Huiwanzhong2025-320241027_DL_13423.jpg,微囊藻,0.2711,859,793,887,822
481,Huiwanzhong2025-320241027_DL_13423.jpg,微囊藻,0.2555,1098,528,1111,543
482,Huiwanzhong2025-320241027_DL_13423.jpg,微囊藻,0.2191,1121,261,1133,275
483,Huiwanzhong2025-320241027_DL_13427.jpg,游丝藻,0.9334,385,647,444,839
484,Huiwanzhong2025-320241027_DL_13428.jpg,游丝藻,0.9159,377,263,448,447
485,Huiwanzhong2025-320241027_DL_13428.jpg,游丝藻,0.8541,510,601,711,829
486,Huiwanzhong2025-320241027_DL_13428.jpg,微囊藻,0.1899,1220,509,1240,531
487,Huiwanzhong2025-320241027_DL_13429.jpg,游丝藻,0.9248,508,186,712,402
488,Huiwanzhong2025-320241027_DL_13429.jpg,游丝藻,0.8195,347,1,452,89
489,Huiwanzhong2025-320241027_DL_13429.jpg,游丝藻,0.2279,714,214,823,421
490,Huiwanzhong2025-320241027_DL_13430.jpg,微囊藻,0.3386,1207,711,1222,727
491,Huiwanzhong2025-320241027_DL_13431.jpg,新月藻,0.8882,657,393,823,626
492,Huiwanzhong2025-320241027_DL_13432.jpg,新月藻,0.9346,651,10,812,265
493,Huiwanzhong2025-320241027_DL_13432.jpg,微囊藻,0.5587,719,764,740,788
494,Huiwanzhong2025-320241027_DL_13432.jpg,微囊藻,0.2250,1379,843,1394,858
495,Huiwanzhong2025-320241027_DL_13433.jpg,长孢藻,0.7876,892,618,1043,818
496,Huiwanzhong2025-320241027_DL_13433.jpg,微囊藻,0.5273,715,436,739,462
497,Huiwanzhong2025-320241027_DL_13433.jpg,微囊藻,0.2629,1369,372,1391,395
498,Huiwanzhong2025-320241027_DL_13433.jpg,微囊藻,0.2450,1009,614,1022,627
499,Huiwanzhong2025-320241027_DL_13434.jpg,长孢藻,0.9353,890,157,1037,349
500,Huiwanzhong2025-320241027_DL_13434.jpg,游丝藻,0.1713,463,400,983,571
501,Huiwanzhong2025-320241027_DL_13434.jpg,微囊藻,0.1573,1002,142,1020,162
502,Huiwanzhong2025-320241027_DL_13435.jpg,游丝藻,0.8044,463,8,976,192
503,Huiwanzhong2025-320241027_DL_13436.jpg,微囊藻,0.4226,1193,28,1218,55
504,Huiwanzhong2025-320241027_DL_13437.jpg,游丝藻,0.9230,1009,534,1112,876
505,Huiwanzhong2025-320241027_DL_13438.jpg,游丝藻,0.9129,1008,153,1125,650
506,Huiwanzhong2025-320241027_DL_13439.jpg,游丝藻,0.8743,1054,1,1113,209
507,Huiwanzhong2025-320241027_DL_13439.jpg,微囊藻,0.2265,1353,643,1376,673
508,Huiwanzhong2025-320241027_DL_13439.jpg,微囊藻,0.1690,1079,527,1091,540
509,Huiwanzhong2025-320241027_DL_13440.jpg,微囊藻,0.3839,659,373,673,388
510,Huiwanzhong2025-320241027_DL_13440.jpg,微囊藻,0.2283,1110,358,1129,380
511,Huiwanzhong2025-320241027_DL_13443.jpg,小环藻,0.8825,359,820,423,877
512,Huiwanzhong2025-320241027_DL_13444.jpg,游丝藻,0.8104,1154,723,1183,877
513,Huiwanzhong2025-320241027_DL_13444.jpg,小环藻,0.5072,165,255,220,315
514,Huiwanzhong2025-320241027_DL_13445.jpg,游丝藻,0.8000,1147,367,1179,537
515,Huiwanzhong2025-320241027_DL_13445.jpg,盘星藻,0.5821,357,413,416,478
516,Huiwanzhong2025-320241027_DL_13446.jpg,盘星藻,0.4231,355,112,414,199
517,Huiwanzhong2025-320241027_DL_13447.jpg,微囊藻,0.6692,649,721,668,743
518,Huiwanzhong2025-320241027_DL_13448.jpg,微囊藻,0.4528,646,467,669,492
519,Huiwanzhong2025-320241027_DL_13448.jpg,微囊藻,0.1906,894,226,912,246
520,Huiwanzhong2025-320241027_DL_13450.jpg,浮丝藻,0.6546,1187,195,1389,875
521,Huiwanzhong2025-320241027_DL_13450.jpg,微囊藻,0.3842,719,753,742,779
522,Huiwanzhong2025-320241027_DL_13450.jpg,微囊藻,0.2161,857,124,877,148
523,Huiwanzhong2025-320241027_DL_13451.jpg,浮丝藻,0.3017,1066,673,1410,877
524,Huiwanzhong2025-320241027_DL_13451.jpg,微囊藻,0.2583,808,588,832,613
525,Huiwanzhong2025-320241027_DL_13452.jpg,微囊藻,0.3831,1336,522,1356,543
526,Huiwanzhong2025-320241027_DL_13452.jpg,微囊藻,0.3140,718,92,744,121
527,Huiwanzhong2025-320241027_DL_13452.jpg,其他,0.2056,610,382,1411,870
528,Huiwanzhong2025-320241027_DL_13452.jpg,微囊藻,0.1527,885,333,919,363
529,Huiwanzhong2025-320241027_DL_13452.jpg,微囊藻,0.1515,988,481,1008,502
530,Huiwanzhong2025-320241027_DL_13453.jpg,束丝藻,0.6387,603,39,1402,593
531,Huiwanzhong2025-320241027_DL_13454.jpg,微囊藻,0.2407,258,767,317,830
532,Huiwanzhong2025-320241027_DL_13454.jpg,微囊藻,0.1830,560,533,570,544
533,Huiwanzhong2025-320241027_DL_13455.jpg,微囊藻,0.2992,654,833,671,852
534,Huiwanzhong2025-320241027_DL_13455.jpg,微囊藻,0.2649,257,490,316,561
535,Huiwanzhong2025-320241027_DL_13456.jpg,微囊藻,0.3552,803,215,832,245
536,Huiwanzhong2025-320241027_DL_13456.jpg,微囊藻,0.3203,651,574,668,593
537,Huiwanzhong2025-320241027_DL_13456.jpg,微囊藻,0.3113,808,1,820,14
538,Huiwanzhong2025-320241027_DL_13456.jpg,微囊藻,0.1669,966,851,992,876
539,Huiwanzhong2025-320241027_DL_13457.jpg,微囊藻,0.5001,874,711,901,741
540,Huiwanzhong2025-320241027_DL_13458.jpg,新月藻,0.6910,189,493,439,723
541,Huiwanzhong2025-320241027_DL_13458.jpg,微囊藻,0.1795,743,285,769,313
542,Huiwanzhong2025-320241027_DL_13459.jpg,新月藻,0.8831,185,124,442,346
543,Huiwanzhong2025-320241027_DL_13459.jpg,微囊藻,0.1794,748,752,760,765
544,Huiwanzhong2025-320241027_DL_13460.jpg,微囊藻,0.4620,1085,439,1104,459
545,Huiwanzhong2025-320241027_DL_13460.jpg,微囊藻,0.3444,744,444,762,465
546,Huiwanzhong2025-320241027_DL_13461.jpg,微囊藻,0.4287,788,459,809,481
547,Huiwanzhong2025-320241027_DL_13461.jpg,微囊藻,0.3155,788,288,802,303
548,Huiwanzhong2025-320241027_DL_13463.jpg,游丝藻,0.9174,914,448,1011,822
549,Huiwanzhong2025-320241027_DL_13463.jpg,游丝藻,0.6288,1038,299,1097,504
550,Huiwanzhong2025-320241027_DL_13464.jpg,游丝藻,0.9101,911,54,1018,393
551,Huiwanzhong2025-320241027_DL_13464.jpg,游丝藻,0.8329,1039,0,1101,147
552,Huiwanzhong2025-320241027_DL_13466.jpg,微囊藻,0.6235,914,727,934,749
553,Huiwanzhong2025-320241027_DL_13467.jpg,小环藻,0.4083,744,707,796,757
554,Huiwanzhong2025-320241027_DL_13467.jpg,微囊藻,0.3213,909,394,933,421
555,Huiwanzhong2025-320241027_DL_13469.jpg,微囊藻,0.2966,503,768,518,784
556,Huiwanzhong2025-320241027_DL_13469.jpg,微囊藻,0.2764,591,337,609,355
557,Huiwanzhong2025-320241027_DL_13470.jpg,微囊藻,0.6471,500,448,516,464
558,Huiwanzhong2025-320241027_DL_13470.jpg,微囊藻,0.2679,1205,366,1226,389
559,Huiwanzhong2025-320241027_DL_13471.jpg,微囊藻,0.5373,497,244,517,267
560,Huiwanzhong2025-320241027_DL_13472.jpg,微囊藻,0.5456,492,21,517,50
561,Huiwanzhong2025-320241027_DL_13474.jpg,微囊藻,0.5836,769,786,786,807
562,Huiwanzhong2025-320241027_DL_13475.jpg,微囊藻,0.4883,766,524,785,548
563,Huiwanzhong2025-320241027_DL_13475.jpg,微囊藻,0.2790,690,673,724,712
564,Huiwanzhong2025-320241027_DL_13476.jpg,微囊藻,0.6495,1067,537,1086,557
565,Huiwanzhong2025-320241027_DL_13476.jpg,微囊藻,0.5561,759,222,787,253
566,Huiwanzhong2025-320241027_DL_13476.jpg,微囊藻,0.3779,1112,607,1131,626
567,Huiwanzhong2025-320241027_DL_13476.jpg,微囊藻,0.1757,688,335,721,370
568,Huiwanzhong2025-320241027_DL_13477.jpg,微囊藻,0.5004,812,254,845,287
569,Huiwanzhong2025-320241027_DL_13477.jpg,微囊藻,0.4805,756,148,806,193
570,Huiwanzhong2025-320241027_DL_13477.jpg,微囊藻,0.3317,1060,29,1088,63
571,Huiwanzhong2025-320241027_DL_13478.jpg,微囊藻,0.2597,1378,847,1399,870
572,Huiwanzhong2025-320241027_DL_13478.jpg,微囊藻,0.2204,824,268,843,289
573,Huiwanzhong2025-320241027_DL_13479.jpg,微囊藻,0.4566,1371,478,1395,503
574,Huiwanzhong2025-320241027_DL_13479.jpg,微囊藻,0.4068,1132,335,1145,349
575,Huiwanzhong2025-320241027_DL_13479.jpg,微囊藻,0.3901,923,646,939,666
576,Huiwanzhong2025-320241027_DL_13480.jpg,新月藻,0.9102,838,634,944,876
577,Huiwanzhong2025-320241027_DL_13480.jpg,游丝藻,0.5554,419,714,516,877
578,Huiwanzhong2025-320241027_DL_13480.jpg,微囊藻,0.2955,1366,91,1396,124
579,Huiwanzhong2025-320241027_DL_13481.jpg,新月藻,0.9007,816,306,942,648
580,Huiwanzhong2025-320241027_DL_13482.jpg,新月藻,0.9391,837,1,940,275
581,Huiwanzhong2025-320241027_DL_13482.jpg,游丝藻,0.7518,409,57,575,372
582,Huiwanzhong2025-320241027_DL_13483.jpg,微囊藻,0.4208,896,525,917,548
583,Huiwanzhong2025-320241027_DL_13483.jpg,微囊藻,0.1661,892,173,925,205
584,Huiwanzhong2025-320241027_DL_13484.jpg,微囊藻,0.5162,974,179,992,199
585,Huiwanzhong2025-320241027_DL_13484.jpg,微囊藻,0.1930,364,741,390,770
586,Huiwanzhong2025-320241027_DL_13486.jpg,微囊藻,0.3714,805,727,836,761
587,Huiwanzhong2025-320241027_DL_13487.jpg,游丝藻,0.7445,1002,720,1058,861
588,Huiwanzhong2025-320241027_DL_13488.jpg,游丝藻,0.8080,1006,391,1050,522
589,Huiwanzhong2025-320241027_DL_13488.jpg,微囊藻,0.1959,561,628,578,647
590,Huiwanzhong2025-320241027_DL_13489.jpg,游丝藻,0.7598,1003,30,1048,153
591,Huiwanzhong2025-320241027_DL_13489.jpg,微囊藻,0.1569,558,403,577,424
592,Huiwanzhong2025-320241027_DL_13490.jpg,游丝藻,0.5144,1031,2,1102,208
593,Huiwanzhong2025-320241027_DL_13490.jpg,微囊藻,0.2318,582,557,596,572
594,Huiwanzhong2025-320241027_DL_13492.jpg,小环藻,0.4282,859,564,948,659
595,Huiwanzhong2025-320241027_DL_13493.jpg,卵囊藻,0.7411,864,185,934,263
596,Huiwanzhong2025-320241027_DL_13493.jpg,栅藻,0.6865,246,648,302,713
597,Huiwanzhong2025-320241027_DL_13493.jpg,微囊藻,0.1856,740,794,780,838
598,Huiwanzhong2025-320241027_DL_13494.jpg,栅藻,0.8279,242,348,299,418
599,Huiwanzhong2025-320241027_DL_13495.jpg,栅藻,0.8109,242,101,300,171
600,Huiwanzhong2025-320241027_DL_13497.jpg,游丝藻,0.8901,1283,649,1383,871
601,Huiwanzhong2025-320241027_DL_13498.jpg,游丝藻,0.9045,1261,360,1394,569
602,Huiwanzhong2025-320241027_DL_13499.jpg,游丝藻,0.7977,1224,113,1408,270
603,Huiwanzhong2025-320241027_DL_13503.jpg,游丝藻,0.7420,543,815,626,876
604,Huiwanzhong2025-320241027_DL_13503.jpg,微囊藻,0.4819,961,765,988,794
605,Huiwanzhong2025-320241027_DL_13503.jpg,微囊藻,0.2236,1142,751,1161,774
606,Huiwanzhong2025-320241027_DL_13504.jpg,游丝藻,0.8970,551,550,737,740
607,Huiwanzhong2025-320241027_DL_13504.jpg,微囊藻,0.2164,1139,387,1155,409
608,Huiwanzhong2025-320241027_DL_13504.jpg,微囊藻,0.2013,956,487,985,519
609,Huiwanzhong2025-320241027_DL_13504.jpg,微囊藻,0.1542,1168,144,1181,159
610,Huiwanzhong2025-320241027_DL_13505.jpg,游丝藻,0.8830,553,286,732,485
611,Huiwanzhong2025-320241027_DL_13506.jpg,游丝藻,0.8953,556,51,729,257
612,Huiwanzhong2025-320241027_DL_13507.jpg,微囊藻,0.3813,810,273,828,293
613,Huiwanzhong2025-320241027_DL_13507.jpg,微囊藻,0.3092,674,706,701,735
614,Huiwanzhong2025-320241027_DL_13511.jpg,微囊藻,0.6147,616,753,635,775
615,Huiwanzhong2025-320241027_DL_13511.jpg,微囊藻,0.3371,1035,0,1092,19
616,Huiwanzhong2025-320241027_DL_13512.jpg,微囊藻,0.4507,613,524,635,548
617,Huiwanzhong2025-320241027_DL_13513.jpg,微囊藻,0.1768,1116,778,1139,804
618,Huiwanzhong2025-320241027_DL_13514.jpg,微囊藻,0.4377,636,103,653,122
619,Huiwanzhong2025-320241027_DL_13515.jpg,游丝藻,0.8466,307,577,426,865
620,Huiwanzhong2025-320241027_DL_13516.jpg,游丝藻,0.8607,1236,684,1293,876
621,Huiwanzhong2025-320241027_DL_13516.jpg,游丝藻,0.8143,281,328,454,566
622,Huiwanzhong2025-320241027_DL_13516.jpg,微囊藻,0.5184,1037,71,1065,103
623,Huiwanzhong2025-320241027_DL_13517.jpg,游丝藻,0.8736,1225,380,1291,620
624,Huiwanzhong2025-320241027_DL_13517.jpg,游丝藻,0.7495,260,184,471,262
625,Huiwanzhong2025-320241027_DL_13518.jpg,微囊藻,0.3555,403,119,422,141
626,Huiwanzhong2025-320241027_DL_13518.jpg,微囊藻,0.2504,1307,788,1330,810
627,Huiwanzhong2025-320241027_DL_13519.jpg,微囊藻,0.1721,1303,473,1324,494
628,Huiwanzhong2025-320241027_DL_13520.jpg,微囊藻,0.4396,1064,708,1098,746
629,Huiwanzhong2025-320241027_DL_13520.jpg,微囊藻,0.2802,1298,169,1321,192
630,Huiwanzhong2025-320241027_DL_13520.jpg,微囊藻,0.2319,886,137,903,159
631,Huiwanzhong2025-320241027_DL_13523.jpg,游丝藻,0.2999,1317,14,1411,507
632,Huiwanzhong2025-320241027_DL_13523.jpg,微囊藻,0.1763,239,493,255,510
633,Huiwanzhong2025-320241027_DL_13524.jpg,小环藻,0.7473,353,822,414,874
634,Huiwanzhong2025-320241027_DL_13524.jpg,游丝藻,0.6663,1314,3,1411,186
635,Huiwanzhong2025-320241027_DL_13524.jpg,微囊藻,0.2721,673,493,695,514
636,Huiwanzhong2025-320241027_DL_13524.jpg,微囊藻,0.1686,236,291,254,310
637,Huiwanzhong2025-320241027_DL_13525.jpg,游丝藻,0.9369,236,401,729,875
638,Huiwanzhong2025-320241027_DL_13525.jpg,小环藻,0.8647,352,610,416,677
639,Huiwanzhong2025-320241027_DL_13525.jpg,微囊藻,0.5251,665,72,695,103
640,Huiwanzhong2025-320241027_DL_13526.jpg,游丝藻,0.9263,234,111,872,872
641,Huiwanzhong2025-320241027_DL_13526.jpg,小环藻,0.8789,351,486,415,549
642,Huiwanzhong2025-320241027_DL_13527.jpg,游丝藻,0.9428,441,3,887,692
643,Huiwanzhong2025-320241027_DL_13528.jpg,游丝藻,0.9282,647,1,861,366
644,Huiwanzhong2025-320241027_DL_13528.jpg,小环藻,0.6226,345,211,415,283
645,Huiwanzhong2025-320241027_DL_13529.jpg,微囊藻,0.1514,861,106,900,149
646,Huiwanzhong2025-320241027_DL_13534.jpg,微囊藻,0.7508,535,734,559,760
647,Huiwanzhong2025-320241027_DL_13541.jpg,微囊藻,0.3311,750,586,780,618
648,Huiwanzhong2025-320241027_DL_13542.jpg,微囊藻,0.1854,101,573,117,592
649,Huiwanzhong2025-320241027_DL_13543.jpg,游丝藻,0.5733,1167,480,1411,877
650,Huiwanzhong2025-320241027_DL_13543.jpg,微囊藻,0.3094,100,371,115,388
651,Huiwanzhong2025-320241027_DL_13544.jpg,游丝藻,0.6189,1114,265,1411,496
652,Huiwanzhong2025-320241027_DL_13545.jpg,游丝藻,0.7927,1086,6,1411,117
653,Huiwanzhong2025-320241027_DL_13547.jpg,游丝藻,0.8414,95,708,141,877
654,Huiwanzhong2025-320241027_DL_13547.jpg,微囊藻,0.5259,648,665,674,689
655,Huiwanzhong2025-320241027_DL_13547.jpg,微囊藻,0.2471,617,444,636,463
656,Huiwanzhong2025-320241027_DL_13548.jpg,游丝藻,0.8805,99,501,143,735
657,Huiwanzhong2025-320241027_DL_13548.jpg,游丝藻,0.8025,639,393,924,531
658,Huiwanzhong2025-320241027_DL_13549.jpg,游丝藻,0.8839,629,52,923,178
659,Huiwanzhong2025-320241027_DL_13549.jpg,游丝藻,0.8778,102,315,141,547
660,Huiwanzhong2025-320241027_DL_13549.jpg,游丝藻,0.8042,608,659,1193,755
661,Huiwanzhong2025-320241027_DL_13549.jpg,微囊藻,0.2331,642,169,675,204
662,Huiwanzhong2025-320241027_DL_13549.jpg,微囊藻,0.1923,1303,248,1328,273
663,Huiwanzhong2025-320241027_DL_13550.jpg,游丝藻,0.8662,102,105,140,333
664,Huiwanzhong2025-320241027_DL_13550.jpg,游丝藻,0.6218,642,293,1166,355
665,Huiwanzhong2025-320241027_DL_13551.jpg,游丝藻,0.7839,94,1,139,105
666,Huiwanzhong2025-320241027_DL_13551.jpg,小环藻,0.6196,952,578,988,612
667,Huiwanzhong2025-320241027_DL_13551.jpg,微囊藻,0.2118,413,14,432,33
668,Huiwanzhong2025-320241027_DL_13552.jpg,微囊藻,0.3757,950,225,984,261
669,Huiwanzhong2025-320241027_DL_13553.jpg,微囊藻,0.4610,889,815,906,834
670,Huiwanzhong2025-320241027_DL_13553.jpg,微囊藻,0.3585,886,844,916,876
671,Huiwanzhong2025-320241027_DL_13554.jpg,微囊藻,0.5820,883,436,906,461
672,Huiwanzhong2025-320241027_DL_13554.jpg,微囊藻,0.4630,883,596,915,633
673,Huiwanzhong2025-320241027_DL_13555.jpg,微囊藻,0.6741,878,107,906,136
674,Huiwanzhong2025-320241027_DL_13555.jpg,微囊藻,0.5370,853,12,871,33
675,Huiwanzhong2025-320241027_DL_13555.jpg,微囊藻,0.1820,1058,137,1077,165
676,Huiwanzhong2025-320241027_DL_13557.jpg,小环藻,0.9125,1043,607,1097,668
677,Huiwanzhong2025-320241027_DL_13558.jpg,小环藻,0.5675,1037,224,1097,287
678,Huiwanzhong2025-320241027_DL_13558.jpg,微囊藻,0.3751,767,444,780,457
679,Huiwanzhong2025-320241027_DL_13559.jpg,微囊藻,0.6343,762,122,785,147
680,Huiwanzhong2025-320241027_DL_13559.jpg,微囊藻,0.1580,846,603,866,626
681,Huiwanzhong2025-320241027_DL_13560.jpg,微囊藻,0.3701,712,438,723,449
682,Huiwanzhong2025-320241027_DL_13562.jpg,微囊藻,0.2085,863,645,882,662
683,Huiwanzhong2025-320241027_DL_13563.jpg,微囊藻,0.2621,859,297,880,320
684,Huiwanzhong2025-320241027_DL_13566.jpg,游丝藻,0.8806,658,681,1019,806
685,Huiwanzhong2025-320241027_DL_13566.jpg,微囊藻,0.2975,1219,845,1232,858
686,Huiwanzhong2025-320241027_DL_13566.jpg,微囊藻,0.2244,744,104,764,129
687,Huiwanzhong2025-320241027_DL_13567.jpg,游丝藻,0.8459,679,345,1014,463
688,Huiwanzhong2025-320241027_DL_13567.jpg,微囊藻,0.4958,1213,450,1229,467
689,Huiwanzhong2025-320241027_DL_13568.jpg,游丝藻,0.7583,653,0,1021,107
690,Huiwanzhong2025-320241027_DL_13568.jpg,微囊藻,0.4327,1205,19,1231,48
691,Huiwanzhong2025-320241027_DL_13569.jpg,游丝藻,0.9119,1008,551,1069,879
692,Huiwanzhong2025-320241027_DL_13569.jpg,长孢藻,0.1948,0,354,158,681
693,Huiwanzhong2025-320241027_DL_13569.jpg,微囊藻,0.1530,839,452,856,470
694,Huiwanzhong2025-320241027_DL_13570.jpg,游丝藻,0.8994,1007,199,1063,546
695,Huiwanzhong2025-320241027_DL_13570.jpg,微囊藻,0.5782,527,813,548,836
696,Huiwanzhong2025-320241027_DL_13570.jpg,长孢藻,0.3498,0,3,156,300
697,Huiwanzhong2025-320241027_DL_13571.jpg,游丝藻,0.8024,1017,0,1062,149
698,Huiwanzhong2025-320241027_DL_13571.jpg,微囊藻,0.4817,527,594,548,618
699,Huiwanzhong2025-320241027_DL_13571.jpg,微囊藻,0.3085,888,767,921,793
700,Huiwanzhong2025-320241027_DL_13572.jpg,微囊藻,0.5287,523,394,544,418
701,Huiwanzhong2025-320241027_DL_13574.jpg,微囊藻,0.2694,812,480,825,495
702,Huiwanzhong2025-320241027_DL_13574.jpg,微囊藻,0.2329,1256,780,1275,800
703,Huiwanzhong2025-320241027_DL_13574.jpg,微囊藻,0.1779,1101,788,1125,813
704,Huiwanzhong2025-320241027_DL_13575.jpg,微囊藻,0.6289,659,863,675,878
705,Huiwanzhong2025-320241027_DL_13575.jpg,微囊藻,0.4871,802,98,825,124
706,Huiwanzhong2025-320241027_DL_13576.jpg,空星藻,0.6932,454,687,496,726
707,Huiwanzhong2025-320241027_DL_13576.jpg,微囊藻,0.5916,659,651,680,674
708,Huiwanzhong2025-320241027_DL_13576.jpg,隐藻,0.5531,380,830,425,865
709,Huiwanzhong2025-320241027_DL_13577.jpg,其他,0.4431,41,1,268,681
710,Huiwanzhong2025-320241027_DL_13577.jpg,小环藻,0.2268,1290,589,1345,642
711,Huiwanzhong2025-320241027_DL_13577.jpg,微囊藻,0.1845,463,366,496,399
712,Huiwanzhong2025-320241027_DL_13578.jpg,小环藻,0.7844,1294,255,1339,302
713,Huiwanzhong2025-320241027_DL_13578.jpg,浮丝藻,0.7743,43,2,172,420
714,Huiwanzhong2025-320241027_DL_13579.jpg,浮丝藻,0.6494,38,0,135,199
715,Huiwanzhong2025-320241027_DL_13579.jpg,小环藻,0.4817,1290,0,1338,20
716,Huiwanzhong2025-320241027_DL_13579.jpg,游丝藻,0.2077,325,414,394,852
717,Huiwanzhong2025-320241027_DL_13580.jpg,游丝藻,0.8768,327,63,391,501
718,Huiwanzhong2025-320241027_DL_13581.jpg,游丝藻,0.6022,336,0,383,108
719,Huiwanzhong2025-320241027_DL_13581.jpg,微囊藻,0.3789,525,82,544,104
720,Huiwanzhong2025-320241027_DL_13585.jpg,微囊藻,0.2803,595,828,617,855
721,Huiwanzhong2025-320241027_DL_13586.jpg,微囊藻,0.6087,595,685,615,710
722,Huiwanzhong2025-320241027_DL_13586.jpg,微囊藻,0.4862,917,817,933,836
723,Huiwanzhong2025-320241027_DL_13586.jpg,微囊藻,0.2506,796,428,813,447
724,Huiwanzhong2025-320241027_DL_13587.jpg,微囊藻,0.5755,586,771,607,794
725,Huiwanzhong2025-320241027_DL_13587.jpg,微囊藻,0.5270,912,485,933,509
726,Huiwanzhong2025-320241027_DL_13588.jpg,微囊藻,0.3643,626,719,644,738
727,Huiwanzhong2025-320241027_DL_13588.jpg,微囊藻,0.2981,1393,61,1411,89
728,Huiwanzhong2025-320241027_DL_13589.jpg,微囊藻,0.2292,623,474,647,499
729,Huiwanzhong2025-320241027_DL_13591.jpg,微囊藻,0.2045,962,641,1014,685
730,Huiwanzhong2025-320241027_DL_13594.jpg,微囊藻,0.4038,741,830,762,853
731,Huiwanzhong2025-320241027_DL_13595.jpg,微囊藻,0.3027,740,553,761,576
732,Huiwanzhong2025-320241027_DL_13596.jpg,游丝藻,0.8998,1038,668,1331,861
733,Huiwanzhong2025-320241027_DL_13596.jpg,游丝藻,0.4140,1063,393,1237,488
734,Huiwanzhong2025-320241027_DL_13597.jpg,游丝藻,0.8800,1059,103,1234,171
735,Huiwanzhong2025-320241027_DL_13597.jpg,游丝藻,0.6828,1016,447,1340,521
736,Huiwanzhong2025-320241027_DL_13597.jpg,微囊藻,0.3458,513,413,527,428
737,Huiwanzhong2025-320241027_DL_13598.jpg,游丝藻,0.5580,1030,111,1326,276
738,Huiwanzhong2025-320241027_DL_13598.jpg,微囊藻,0.5038,441,672,456,688
739,Huiwanzhong2025-320241027_DL_13598.jpg,微囊藻,0.4435,506,148,530,174
740,Huiwanzhong2025-320241027_DL_13599.jpg,微囊藻,0.4612,812,506,835,531
741,Huiwanzhong2025-320241027_DL_13599.jpg,微囊藻,0.4004,437,321,455,341
742,Huiwanzhong2025-320241027_DL_13600.jpg,微囊藻,0.6371,926,724,945,745
743,Huiwanzhong2025-320241027_DL_13600.jpg,微囊藻,0.6023,433,86,457,113
744,Huiwanzhong2025-320241027_DL_13600.jpg,微囊藻,0.5070,807,244,835,274
745,Huiwanzhong2025-320241027_DL_13601.jpg,微囊藻,0.4627,921,374,943,399
746,Huiwanzhong2025-320241027_DL_13602.jpg,游丝藻,0.5009,36,332,145,838
747,Huiwanzhong2025-320241027_DL_13603.jpg,游丝藻,0.8903,39,2,139,510
748,Huiwanzhong2025-320241027_DL_13604.jpg,游丝藻,0.8137,70,1,131,161
749,Huiwanzhong2025-320241027_DL_13605.jpg,游丝藻,0.8800,187,434,223,635
750,Huiwanzhong2025-320241027_DL_13605.jpg,微囊藻,0.1553,1256,312,1279,336
751,Huiwanzhong2025-320241027_DL_13606.jpg,游丝藻,0.8480,188,146,215,341
752,Huiwanzhong2025-320241027_DL_13606.jpg,游丝藻,0.5641,1247,797,1342,876
753,Huiwanzhong2025-320241027_DL_13610.jpg,微囊藻,0.5554,448,427,467,448
754,Huiwanzhong2025-320241027_DL_13611.jpg,微囊藻,0.6426,443,205,468,231
755,Huiwanzhong2025-320241027_DL_13611.jpg,微囊藻,0.1605,778,250,794,266
756,Huiwanzhong2025-320241027_DL_13612.jpg,游丝藻,0.9141,932,499,1061,879
757,Huiwanzhong2025-320241027_DL_13612.jpg,微囊藻,0.1815,289,366,313,395
758,Huiwanzhong2025-320241027_DL_13613.jpg,游丝藻,0.8992,922,22,1075,668
759,Huiwanzhong2025-320241027_DL_13613.jpg,游丝藻,0.5756,973,450,1168,667
760,Huiwanzhong2025-320241027_DL_13613.jpg,微囊藻,0.3191,922,824,946,849
761,Huiwanzhong2025-320241027_DL_13614.jpg,游丝藻,0.8296,975,0,1072,346
762,Huiwanzhong2025-320241027_DL_13614.jpg,新月藻,0.5170,972,115,1175,352
763,Huiwanzhong2025-320241027_DL_13614.jpg,微囊藻,0.3389,921,510,942,532
764,Huiwanzhong2025-320241027_DL_13615.jpg,微囊藻,0.5099,914,141,941,171
765,Huiwanzhong2025-320241027_DL_13616.jpg,微囊藻,0.2890,1182,851,1198,867
766,Huiwanzhong2025-320241027_DL_13616.jpg,微囊藻,0.1889,730,218,741,230
767,Huiwanzhong2025-320241027_DL_13617.jpg,微囊藻,0.6960,617,758,638,781
768,Huiwanzhong2025-320241027_DL_13617.jpg,微囊藻,0.4044,1175,530,1197,553
769,Huiwanzhong2025-320241027_DL_13617.jpg,微囊藻,0.3001,755,360,773,381
770,Huiwanzhong2025-320241027_DL_13618.jpg,微囊藻,0.6805,617,561,638,585
771,Huiwanzhong2025-320241027_DL_13618.jpg,微囊藻,0.1788,1171,178,1196,203
772,Huiwanzhong2025-320241027_DL_13619.jpg,游丝藻,0.6765,0,645,146,713
773,Huiwanzhong2025-320241027_DL_13619.jpg,微囊藻,0.4831,615,357,638,382
774,Huiwanzhong2025-320241027_DL_13619.jpg,隐藻,0.2730,793,645,832,673
775,Huiwanzhong2025-320241027_DL_13620.jpg,游丝藻,0.5539,0,388,150,507
776,Huiwanzhong2025-320241027_DL_13620.jpg,微囊藻,0.4743,983,574,1009,601
777,Huiwanzhong2025-320241027_DL_13620.jpg,微囊藻,0.4710,797,835,816,858
778,Huiwanzhong2025-320241027_DL_13620.jpg,微囊藻,0.2649,611,193,637,223
779,Huiwanzhong2025-320241027_DL_13620.jpg,微囊藻,0.1967,792,374,825,399
780,Huiwanzhong2025-320241027_DL_13621.jpg,游丝藻,0.8207,0,1,139,212
781,Huiwanzhong2025-320241027_DL_13621.jpg,微囊藻,0.6806,690,806,717,835
782,Huiwanzhong2025-320241027_DL_13622.jpg,微囊藻,0.5234,688,644,716,674
783,Huiwanzhong2025-320241027_DL_13623.jpg,微囊藻,0.5157,686,510,717,542
784,Huiwanzhong2025-320241027_DL_13623.jpg,游丝藻,0.3074,625,29,707,163
785,Huiwanzhong2025-320241027_DL_13625.jpg,微囊藻,0.2431,237,322,250,335
786,Huiwanzhong2025-320241027_DL_13626.jpg,微囊藻,0.2999,232,112,251,134
787,Huiwanzhong2025-320241027_DL_13627.jpg,微囊藻,0.6245,681,759,705,784
788,Huiwanzhong2025-320241027_DL_13627.jpg,微囊藻,0.5197,791,777,804,791
789,Huiwanzhong2025-320241027_DL_13629.jpg,游丝藻,0.3407,0,90,195,473
790,Huiwanzhong2025-320241027_DL_13629.jpg,浮丝藻,0.2848,607,169,695,209
791,Huiwanzhong2025-320241027_DL_13629.jpg,微囊藻,0.1779,723,698,744,719
792,Huiwanzhong2025-320241027_DL_13632.jpg,微囊藻,0.1529,831,684,846,700
793,Huiwanzhong2025-320241027_DL_13633.jpg,微囊藻,0.6244,618,84,687,152
794,Huiwanzhong2025-320241027_DL_13634.jpg,游丝藻,0.3689,845,653,998,708
795,Huiwanzhong2025-320241027_DL_13635.jpg,小环藻,0.5456,1197,690,1262,755
796,Huiwanzhong2025-320241027_DL_13635.jpg,微囊藻,0.1842,379,51,423,95
797,Huiwanzhong2025-320241027_DL_13636.jpg,小环藻,0.2412,1193,369,1253,427
798,Huiwanzhong2025-320241027_DL_13637.jpg,浮丝藻,0.2447,1192,92,1250,149
799,Huiwanzhong2025-320241027_DL_13640.jpg,微囊藻,0.5431,1352,380,1378,406
800,Huiwanzhong2025-320241027_DL_13640.jpg,微囊藻,0.2012,796,240,810,256
801,Huiwanzhong2025-320241027_DL_13643.jpg,游丝藻,0.9116,399,812,606,872
802,Huiwanzhong2025-320241027_DL_13644.jpg,游丝藻,0.8871,400,440,593,485
803,Huiwanzhong2025-320241027_DL_13644.jpg,微囊藻,0.1733,36,508,58,532
804,Huiwanzhong2025-320241027_DL_13644.jpg,微囊藻,0.1657,42,541,64,563
805,Huiwanzhong2025-320241027_DL_13645.jpg,游丝藻,0.9014,405,162,598,237
806,Huiwanzhong2025-320241027_DL_13645.jpg,微囊藻,0.6012,604,702,664,753
807,Huiwanzhong2025-320241027_DL_13645.jpg,微囊藻,0.5934,657,773,713,830
808,Huiwanzhong2025-320241027_DL_13645.jpg,微囊藻,0.1895,715,753,739,785
809,Huiwanzhong2025-320241027_DL_13646.jpg,微囊藻,0.4544,41,271,63,294
810,Huiwanzhong2025-320241027_DL_13646.jpg,微囊藻,0.2875,50,238,72,262
811,Huiwanzhong2025-320241027_DL_13646.jpg,微囊藻,0.2678,29,244,51,268
812,Huiwanzhong2025-320241027_DL_13646.jpg,卵囊藻,0.2471,1131,619,1188,683
813,Huiwanzhong2025-320241027_DL_13653.jpg,微囊藻,0.5728,801,142,811,155
814,Huiwanzhong2025-320241027_DL_13657.jpg,微囊藻,0.2167,1048,111,1072,139
815,Huiwanzhong2025-320241027_DL_13658.jpg,微囊藻,0.5673,926,722,940,738
816,Huiwanzhong2025-320241027_DL_13659.jpg,微囊藻,0.6011,877,419,893,437
817,Huiwanzhong2025-320241027_DL_13659.jpg,微囊藻,0.5362,955,86,977,111
818,Huiwanzhong2025-320241027_DL_13659.jpg,微囊藻,0.5115,917,249,941,275
819,Huiwanzhong2025-320241027_DL_13660.jpg,游丝藻,0.8491,136,800,438,874
820,Huiwanzhong2025-320241027_DL_13661.jpg,游丝藻,0.9237,162,436,427,670
821,Huiwanzhong2025-320241027_DL_13662.jpg,游丝藻,0.9163,211,119,382,417
822,Huiwanzhong2025-320241027_DL_13662.jpg,游丝藻,0.7919,329,576,513,876
823,Huiwanzhong2025-320241027_DL_13663.jpg,游丝藻,0.9352,311,157,580,564
824,Huiwanzhong2025-320241027_DL_13663.jpg,游丝藻,0.5359,283,1,358,96
825,Huiwanzhong2025-320241027_DL_13664.jpg,游丝藻,0.8600,410,1,593,183
826,Huiwanzhong2025-320241027_DL_13665.jpg,微囊藻,0.3795,680,165,700,188
827,Huiwanzhong2025-320241027_DL_13665.jpg,微囊藻,0.3775,557,526,573,542
828,Huiwanzhong2025-320241027_DL_13665.jpg,盘星藻,0.2567,1037,35,1080,85
829,Huiwanzhong2025-320241027_DL_13666.jpg,微囊藻,0.4827,557,246,573,265
830,Huiwanzhong2025-320241027_DL_13666.jpg,微囊藻,0.3989,350,530,365,546
831,Huiwanzhong2025-320241027_DL_13666.jpg,微囊藻,0.2104,681,136,707,166
832,Huiwanzhong2025-320241027_DL_13666.jpg,其他,0.2047,446,653,860,877
833,Huiwanzhong2025-320241027_DL_13666.jpg,直链藻,0.1812,1294,480,1409,880
834,Huiwanzhong2025-320241027_DL_13667.jpg,其他,0.7092,444,281,1176,712
835,Huiwanzhong2025-320241027_DL_13667.jpg,微囊藻,0.3273,347,278,364,298
836,Huiwanzhong2025-320241027_DL_13668.jpg,微囊藻,0.5835,340,6,365,33
837,Huiwanzhong2025-320241027_DL_13668.jpg,拟新月藻,0.3504,615,0,1178,319
838,Huiwanzhong2025-320241027_DL_13669.jpg,游丝藻,0.8870,1102,656,1248,876
839,Huiwanzhong2025-320241027_DL_13669.jpg,微囊藻,0.1613,640,799,670,831
840,Huiwanzhong2025-320241027_DL_13670.jpg,游丝藻,0.9209,1039,181,1245,487
841,Huiwanzhong2025-320241027_DL_13670.jpg,微囊藻,0.2904,434,772,448,787
842,Huiwanzhong2025-320241027_DL_13670.jpg,微囊藻,0.1902,639,480,669,514
843,Huiwanzhong2025-320241027_DL_13671.jpg,游丝藻,0.8700,1039,0,1180,108
844,Huiwanzhong2025-320241027_DL_13671.jpg,微囊藻,0.5960,430,567,450,589
845,Huiwanzhong2025-320241027_DL_13671.jpg,微囊藻,0.1842,1037,745,1058,768
846,Huiwanzhong2025-320241027_DL_13672.jpg,小环藻,0.8963,1154,558,1238,649
847,Huiwanzhong2025-320241027_DL_13672.jpg,微囊藻,0.5402,429,391,449,412
848,Huiwanzhong2025-320241027_DL_13672.jpg,微囊藻,0.2374,1035,422,1056,447
849,Huiwanzhong2025-320241027_DL_13673.jpg,小环藻,0.6044,1145,225,1239,319
850,Huiwanzhong2025-320241027_DL_13673.jpg,微囊藻,0.3923,1029,89,1057,123
851,Huiwanzhong2025-320241027_DL_13673.jpg,微囊藻,0.3355,1020,239,1034,255
852,Huiwanzhong2025-320241027_DL_13673.jpg,小环藻,0.1596,962,815,1003,847
853,Huiwanzhong2025-320241027_DL_13674.jpg,小环藻,0.3679,1379,497,1411,561
854,Huiwanzhong2025-320241027_DL_13675.jpg,小环藻,0.4241,1380,196,1411,254
855,Huiwanzhong2025-320241027_DL_13676.jpg,微囊藻,0.3324,459,815,477,834
856,Huiwanzhong2025-320241027_DL_13676.jpg,微囊藻,0.2972,825,143,844,166
857,Huiwanzhong2025-320241027_DL_13677.jpg,微囊藻,0.4836,457,622,476,643
858,Huiwanzhong2025-320241027_DL_13677.jpg,浮丝藻,0.1715,1202,848,1225,876
859,Huiwanzhong2025-320241027_DL_13677.jpg,微囊藻,0.1707,719,371,735,388
860,Huiwanzhong2025-320241027_DL_13678.jpg,微囊藻,0.6922,455,453,475,475
861,Huiwanzhong2025-320241027_DL_13678.jpg,微囊藻,0.5730,840,302,855,318
862,Huiwanzhong2025-320241027_DL_13678.jpg,微囊藻,0.5719,1211,511,1229,528
863,Huiwanzhong2025-320241027_DL_13678.jpg,微囊藻,0.3311,578,822,601,849
864,Huiwanzhong2025-320241027_DL_13679.jpg,微囊藻,0.6016,834,11,859,39
865,Huiwanzhong2025-320241027_DL_13679.jpg,微囊藻,0.4424,1323,672,1343,693
866,Huiwanzhong2025-320241027_DL_13679.jpg,微囊藻,0.3666,454,297,475,321
867,Huiwanzhong2025-320241027_DL_13679.jpg,微囊藻,0.3257,1207,216,1227,239
868,Huiwanzhong2025-320241027_DL_13680.jpg,微囊藻,0.3394,451,112,476,141
869,Huiwanzhong2025-320241027_DL_13680.jpg,微囊藻,0.2387,1318,344,1341,367
870,Huiwanzhong2025-320241027_DL_13680.jpg,微囊藻,0.2372,1384,251,1409,280
871,Huiwanzhong2025-320241027_DL_13681.jpg,微囊藻,0.3105,547,269,566,289
872,Huiwanzhong2025-320241027_DL_13684.jpg,微囊藻,0.4137,651,156,665,172
873,Huiwanzhong2025-320241027_DL_13684.jpg,微囊藻,0.2556,577,816,607,847
874,Huiwanzhong2025-320241027_DL_13687.jpg,微囊藻,0.5123,1165,460,1182,478
875,Huiwanzhong2025-320241027_DL_13687.jpg,微囊藻,0.1880,851,699,872,721
876,Huiwanzhong2025-320241027_DL_13687.jpg,微囊藻,0.1511,1332,619,1345,632
877,Huiwanzhong2025-320241027_DL_13688.jpg,微囊藻,0.3324,1324,194,1347,218
878,Huiwanzhong2025-320241027_DL_13688.jpg,微囊藻,0.3097,163,545,190,573
879,Huiwanzhong2025-320241027_DL_13688.jpg,微囊藻,0.1823,946,409,957,420
880,Huiwanzhong2025-320241027_DL_13689.jpg,微囊藻,0.4306,939,127,959,149
881,Huiwanzhong2025-320241027_DL_13689.jpg,微囊藻,0.3655,162,368,187,395
882,Huiwanzhong2025-320241027_DL_13689.jpg,微囊藻,0.3549,1006,834,1024,854
883,Huiwanzhong2025-320241027_DL_13690.jpg,微囊藻,0.5007,1002,556,1022,577
884,Huiwanzhong2025-320241027_DL_13691.jpg,微囊藻,0.3612,996,240,1022,268
885,Huiwanzhong2025-320241027_DL_13691.jpg,游丝藻,0.2568,1072,645,1180,878
886,Huiwanzhong2025-320241027_DL_13692.jpg,游丝藻,0.8497,1076,378,1183,708
887,Huiwanzhong2025-320241027_DL_13693.jpg,游丝藻,0.9167,1072,2,1171,342
888,Huiwanzhong2025-320241027_DL_13694.jpg,游丝藻,0.8700,781,554,838,876
889,Huiwanzhong2025-320241027_DL_13695.jpg,游丝藻,0.8935,760,247,836,810
890,Huiwanzhong2025-320241027_DL_13696.jpg,游丝藻,0.9029,760,0,832,529
891,Huiwanzhong2025-320241027_DL_13697.jpg,游丝藻,0.8565,763,2,810,219
892,Huiwanzhong2025-320241027_DL_13699.jpg,微囊藻,0.2238,786,161,807,184
893,Huiwanzhong2025-320241027_DL_13703.jpg,微囊藻,0.5176,160,790,200,843
894,Huiwanzhong2025-320241027_DL_13703.jpg,微囊藻,0.2372,1197,635,1215,658
895,Huiwanzhong2025-320241027_DL_13704.jpg,微囊藻,0.4915,527,707,546,729
896,Huiwanzhong2025-320241027_DL_13704.jpg,微囊藻,0.4039,793,460,808,477
897,Huiwanzhong2025-320241027_DL_13704.jpg,微囊藻,0.2945,161,642,201,702
898,Huiwanzhong2025-320241027_DL_13704.jpg,微囊藻,0.2352,1194,363,1215,389
899,Huiwanzhong2025-320241027_DL_13704.jpg,微囊藻,0.2005,1399,828,1411,847
900,Huiwanzhong2025-320241027_DL_13705.jpg,微囊藻,0.3948,567,102,599,138
901,Huiwanzhong2025-320241027_DL_13705.jpg,微囊藻,0.2995,786,171,810,197
902,Huiwanzhong2025-320241027_DL_13705.jpg,微囊藻,0.2492,1392,518,1411,543
903,Huiwanzhong2025-320241027_DL_13707.jpg,微囊藻,0.3130,486,753,499,766
904,Huiwanzhong2025-320241027_DL_13707.jpg,微囊藻,0.3064,695,660,707,673
905,Huiwanzhong2025-320241027_DL_13708.jpg,微囊藻,0.6088,691,443,708,462
906,Huiwanzhong2025-320241027_DL_13708.jpg,微囊藻,0.4112,484,566,498,580
907,Huiwanzhong2025-320241027_DL_13709.jpg,微囊藻,0.6467,482,343,499,363
908,Huiwanzhong2025-320241027_DL_13709.jpg,微囊藻,0.4696,687,186,710,211
909,Huiwanzhong2025-320241027_DL_13710.jpg,微囊藻,0.5548,478,73,500,98
910,Huiwanzhong2025-320241027_DL_13711.jpg,微囊藻,0.3823,986,537,999,552
911,Huiwanzhong2025-320241027_DL_13711.jpg,微囊藻,0.1616,1200,672,1231,704
912,Huiwanzhong2025-320241027_DL_13712.jpg,游丝藻,0.8921,1170,616,1250,878
913,Huiwanzhong2025-320241027_DL_13712.jpg,微囊藻,0.4822,982,230,1000,250
914,Huiwanzhong2025-320241027_DL_13712.jpg,微囊藻,0.2449,1200,393,1228,422
915,Huiwanzhong2025-320241027_DL_13712.jpg,微囊藻,0.2425,1030,303,1042,316
916,Huiwanzhong2025-320241027_DL_13713.jpg,游丝藻,0.9200,1167,373,1289,877
917,Huiwanzhong2025-320241027_DL_13713.jpg,微囊藻,0.4332,1026,12,1045,34
918,Huiwanzhong2025-320241027_DL_13713.jpg,微囊藻,0.3858,1200,134,1225,161
919,Huiwanzhong2025-320241027_DL_13713.jpg,微囊藻,0.2362,1241,172,1258,191
920,Huiwanzhong2025-320241027_DL_13714.jpg,游丝藻,0.9178,1165,157,1279,683
921,Huiwanzhong2025-320241027_DL_13714.jpg,游丝藻,0.8505,601,733,667,875
922,Huiwanzhong2025-320241027_DL_13715.jpg,游丝藻,0.9108,1161,0,1275,423
923,Huiwanzhong2025-320241027_DL_13715.jpg,游丝藻,0.8831,592,493,729,839
924,Huiwanzhong2025-320241027_DL_13716.jpg,游丝藻,0.9087,589,265,727,594
925,Huiwanzhong2025-320241027_DL_13716.jpg,游丝藻,0.8797,1214,0,1270,159
926,Huiwanzhong2025-320241027_DL_13717.jpg,游丝藻,0.9112,584,63,732,402
927,Huiwanzhong2025-320241027_DL_13718.jpg,微囊藻,0.4679,412,798,434,821
928,Huiwanzhong2025-320241027_DL_13719.jpg,微囊藻,0.3010,306,805,331,837
929,Huiwanzhong2025-320241027_DL_13724.jpg,微囊藻,0.2078,306,637,332,667
930,Huiwanzhong2025-320241027_DL_13727.jpg,微囊藻,0.3313,1276,173,1294,192
931,Huiwanzhong2025-320241027_DL_13728.jpg,隐藻,0.6713,139,796,181,827
932,Huiwanzhong2025-320241027_DL_13728.jpg,微囊藻,0.2024,747,135,762,153
933,Huiwanzhong2025-320241027_DL_13730.jpg,隐藻,0.2860,140,683,183,720
934,Huiwanzhong2025-320241027_DL_13731.jpg,隐藻,0.4547,136,586,184,622
935,Huiwanzhong2025-320241027_DL_13732.jpg,小环藻,0.4454,134,519,183,561
936,Huiwanzhong2025-320241027_DL_13733.jpg,微囊藻,0.3222,1117,675,1135,695
937,Huiwanzhong2025-320241027_DL_13734.jpg,微囊藻,0.2124,808,31,820,46
938,Huiwanzhong2025-320241027_DL_13735.jpg,微囊藻,0.1531,1096,647,1121,674
939,Huiwanzhong2025-320241027_DL_13736.jpg,微囊藻,0.5035,840,730,861,750
940,Huiwanzhong2025-320241027_DL_13736.jpg,微囊藻,0.3970,565,798,580,814
941,Huiwanzhong2025-320241027_DL_13736.jpg,微囊藻,0.3335,924,576,944,597
942,Huiwanzhong2025-320241027_DL_13736.jpg,微囊藻,0.2866,777,655,808,682
943,Huiwanzhong2025-320241027_DL_13736.jpg,微囊藻,0.2378,796,643,819,667
944,Huiwanzhong2025-320241027_DL_13737.jpg,微囊藻,0.5707,561,524,581,545
945,Huiwanzhong2025-320241027_DL_13737.jpg,微囊藻,0.3213,836,363,861,388
946,Huiwanzhong2025-320241027_DL_13737.jpg,微囊藻,0.3071,886,620,908,639
947,Huiwanzhong2025-320241027_DL_13737.jpg,微囊藻,0.2714,775,351,809,388
948,Huiwanzhong2025-320241027_DL_13737.jpg,微囊藻,0.1977,791,330,816,354
949,Huiwanzhong2025-320241027_DL_13737.jpg,微囊藻,0.1584,387,688,403,704
950,Huiwanzhong2025-320241027_DL_13737.jpg,微囊藻,0.1532,1271,722,1294,746
951,Huiwanzhong2025-320241027_DL_13738.jpg,微囊藻,0.5972,833,138,861,167
952,Huiwanzhong2025-320241027_DL_13738.jpg,微囊藻,0.3670,1185,693,1207,717
953,Huiwanzhong2025-320241027_DL_13738.jpg,微囊藻,0.2854,775,142,817,203
954,Huiwanzhong2025-320241027_DL_13738.jpg,微囊藻,0.1916,1184,130,1195,141
955,Huiwanzhong2025-320241027_DL_13739.jpg,微囊藻,0.3427,1180,413,1206,442
956,Huiwanzhong2025-320241027_DL_13741.jpg,游丝藻,0.4214,1353,519,1411,878
957,Huiwanzhong2025-320241027_DL_13742.jpg,游丝藻,0.9114,793,682,964,877
958,Huiwanzhong2025-320241027_DL_13742.jpg,游丝藻,0.6360,1300,20,1411,775
959,Huiwanzhong2025-320241027_DL_13742.jpg,微囊藻,0.1809,1136,16,1162,47
960,Huiwanzhong2025-320241027_DL_13743.jpg,游丝藻,0.9188,718,367,958,753
961,Huiwanzhong2025-320241027_DL_13743.jpg,游丝藻,0.8887,1308,0,1411,440
962,Huiwanzhong2025-320241027_DL_13744.jpg,游丝藻,0.9301,721,69,952,449
963,Huiwanzhong2025-320241027_DL_13744.jpg,游丝藻,0.8555,1301,0,1387,185
964,Huiwanzhong2025-320241027_DL_13745.jpg,游丝藻,0.8299,721,2,843,176
965,Huiwanzhong2025-320241027_DL_13745.jpg,微囊藻,0.4392,785,659,805,681
966,Huiwanzhong2025-320241027_DL_13745.jpg,微囊藻,0.2783,935,187,957,209
967,Huiwanzhong2025-320241027_DL_13746.jpg,微囊藻,0.3764,782,413,804,437
968,Huiwanzhong2025-320241027_DL_13746.jpg,微囊藻,0.3430,424,728,452,755
969,Huiwanzhong2025-320241027_DL_13747.jpg,微囊藻,0.3038,1116,482,1129,495
970,Huiwanzhong2025-320241027_DL_13747.jpg,浮丝藻,0.2750,763,558,913,591
971,Huiwanzhong2025-320241027_DL_13748.jpg,微囊藻,0.3808,1027,51,1049,76
972,Huiwanzhong2025-320241027_DL_13748.jpg,浮丝藻,0.2904,758,298,911,327
973,Huiwanzhong2025-320241027_DL_13752.jpg,微囊藻,0.2257,904,686,928,713
974,Huiwanzhong2025-320241027_DL_13753.jpg,游丝藻,0.8359,0,733,168,877
975,Huiwanzhong2025-320241027_DL_13753.jpg,微囊藻,0.2272,1132,349,1166,386
976,Huiwanzhong2025-320241027_DL_13753.jpg,微囊藻,0.1541,658,776,683,803
977,Huiwanzhong2025-320241027_DL_13754.jpg,游丝藻,0.7035,0,524,172,864
978,Huiwanzhong2025-320241027_DL_13754.jpg,微囊藻,0.2835,1048,603,1069,625
979,Huiwanzhong2025-320241027_DL_13755.jpg,游丝藻,0.6071,0,301,180,527
980,Huiwanzhong2025-320241027_DL_13755.jpg,微囊藻,0.4411,1043,272,1070,301
981,Huiwanzhong2025-320241027_DL_13756.jpg,游丝藻,0.4882,0,95,193,325
982,Huiwanzhong2025-320241027_DL_13757.jpg,栅藻,0.3666,282,239,337,288
983,Huiwanzhong2025-320241027_DL_13757.jpg,微囊藻,0.2205,1337,508,1361,533
984,Huiwanzhong2025-320241027_DL_13757.jpg,微囊藻,0.1986,1080,339,1100,362
985,Huiwanzhong2025-320241027_DL_13758.jpg,微囊藻,0.3648,1384,820,1405,842
986,Huiwanzhong2025-320241027_DL_13758.jpg,微囊藻,0.3518,812,551,835,570
987,Huiwanzhong2025-320241027_DL_13759.jpg,微囊藻,0.3912,813,274,833,292
988,Huiwanzhong2025-320241027_DL_13759.jpg,微囊藻,0.2982,1377,533,1402,558
989,Huiwanzhong2025-320241027_DL_13760.jpg,游丝藻,0.8057,1220,769,1253,877
990,Huiwanzhong2025-320241027_DL_13760.jpg,微囊藻,0.6397,927,737,947,759
991,Huiwanzhong2025-320241027_DL_13761.jpg,游丝藻,0.5210,1221,501,1253,662
992,Huiwanzhong2025-320241027_DL_13761.jpg,微囊藻,0.4475,924,492,947,516
993,Huiwanzhong2025-320241027_DL_13762.jpg,游丝藻,0.6891,1220,217,1240,364
994,Huiwanzhong2025-320241027_DL_13763.jpg,小环藻,0.5685,488,0,559,39
995,Huiwanzhong2025-320241027_DL_13763.jpg,浮丝藻,0.2345,1212,3,1238,46
996,Huiwanzhong2025-320241027_DL_13764.jpg,微囊藻,0.2813,735,7,750,22
997,Huiwanzhong2025-320241027_DL_13768.jpg,小环藻,0.2160,1384,581,1411,614
998,Huiwanzhong2025-320241027_DL_13770.jpg,微囊藻,0.3915,951,839,966,855
999,Huiwanzhong2025-320241027_DL_13770.jpg,微囊藻,0.3625,956,657,981,687
1000,Huiwanzhong2025-320241027_DL_13770.jpg,微囊藻,0.3619,703,616,728,641
1001,Huiwanzhong2025-320241027_DL_13770.jpg,微囊藻,0.3409,963,443,973,454
1002,Huiwanzhong2025-320241027_DL_13771.jpg,微囊藻,0.5294,946,528,963,546
1003,Huiwanzhong2025-320241027_DL_13771.jpg,微囊藻,0.4969,1091,535,1106,551
1004,Huiwanzhong2025-320241027_DL_13771.jpg,微囊藻,0.3529,952,115,974,141
1005,Huiwanzhong2025-320241027_DL_13772.jpg,微囊藻,0.5496,941,275,964,299
1006,Huiwanzhong2025-320241027_DL_13772.jpg,微囊藻,0.4932,1085,270,1107,295
1007,Huiwanzhong2025-320241027_DL_13773.jpg,微囊藻,0.4665,713,7,733,29
1008,Huiwanzhong2025-320241027_DL_13773.jpg,浮丝藻,0.4423,925,117,971,178
1009,Huiwanzhong2025-320241027_DL_13774.jpg,微囊藻,0.3022,779,368,789,379
1010,Huiwanzhong2025-320241027_DL_13774.jpg,微囊藻,0.2928,496,652,515,673
1011,Huiwanzhong2025-320241027_DL_13775.jpg,微囊藻,0.3188,569,834,588,856
1012,Huiwanzhong2025-320241027_DL_13775.jpg,微囊藻,0.1572,492,461,515,487
1013,Huiwanzhong2025-320241027_DL_13776.jpg,微囊藻,0.4651,568,675,588,698
1014,Huiwanzhong2025-320241027_DL_13777.jpg,卵囊藻,0.8948,705,782,800,870
1015,Huiwanzhong2025-320241027_DL_13777.jpg,微囊藻,0.4561,565,507,589,533
1016,Huiwanzhong2025-320241027_DL_13778.jpg,卵囊藻,0.9053,702,560,797,645
1017,Huiwanzhong2025-320241027_DL_13779.jpg,卵囊藻,0.9002,700,328,797,418
1018,Huiwanzhong2025-320241027_DL_13780.jpg,卵囊藻,0.5435,698,0,796,62
1019,Huiwanzhong2025-320241027_DL_13781.jpg,游丝藻,0.8869,562,702,648,877
1020,Huiwanzhong2025-320241027_DL_13781.jpg,游丝藻,0.6735,718,224,865,801
1021,Huiwanzhong2025-320241027_DL_13781.jpg,卵囊藻,0.6411,1213,608,1268,660
1022,Huiwanzhong2025-320241027_DL_13782.jpg,游丝藻,0.9119,703,2,861,534
1023,Huiwanzhong2025-320241027_DL_13782.jpg,游丝藻,0.9117,478,442,639,865
1024,Huiwanzhong2025-320241027_DL_13782.jpg,卵囊藻,0.8029,1209,337,1266,389
1025,Huiwanzhong2025-320241027_DL_13782.jpg,微囊藻,0.3317,1363,772,1386,796
1026,Huiwanzhong2025-320241027_DL_13782.jpg,微囊藻,0.2029,1120,742,1136,765
1027,Huiwanzhong2025-320241027_DL_13782.jpg,微囊藻,0.1656,1118,332,1132,348
1028,Huiwanzhong2025-320241027_DL_13783.jpg,游丝藻,0.9281,487,134,631,574
1029,Huiwanzhong2025-320241027_DL_13783.jpg,游丝藻,0.8537,757,1,852,213
1030,Huiwanzhong2025-320241027_DL_13783.jpg,微囊藻,0.4783,1111,3,1135,30
1031,Huiwanzhong2025-320241027_DL_13783.jpg,微囊藻,0.4085,1116,424,1134,451
1032,Huiwanzhong2025-320241027_DL_13783.jpg,卵囊藻,0.1960,1203,16,1266,73
1033,Huiwanzhong2025-320241027_DL_13784.jpg,游丝藻,0.9243,491,1,606,298
1034,Huiwanzhong2025-320241027_DL_13784.jpg,微囊藻,0.2937,1112,129,1134,159
1035,Huiwanzhong2025-320241027_DL_13784.jpg,微囊藻,0.2542,925,7,951,34
1036,Huiwanzhong2025-320241027_DL_13792.jpg,微囊藻,0.4312,995,12,1038,59
1037,Huiwanzhong2025-320241027_DL_13792.jpg,微囊藻,0.1992,1086,477,1116,508
1038,Huiwanzhong2025-320241027_DL_13792.jpg,微囊藻,0.1825,1230,538,1246,555
1039,Huiwanzhong2025-320241027_DL_13793.jpg,微囊藻,0.4911,522,827,543,850
1040,Huiwanzhong2025-320241027_DL_13793.jpg,微囊藻,0.1875,1223,254,1244,277
1041,Huiwanzhong2025-320241027_DL_13794.jpg,微囊藻,0.6869,522,672,544,696
1042,Huiwanzhong2025-320241027_DL_13795.jpg,微囊藻,0.7423,662,751,686,778
1043,Huiwanzhong2025-320241027_DL_13795.jpg,微囊藻,0.6447,519,492,543,517
1044,Huiwanzhong2025-320241027_DL_13795.jpg,微囊藻,0.1623,580,793,604,815
1045,Huiwanzhong2025-320241027_DL_13796.jpg,微囊藻,0.4878,515,328,541,355
1046,Huiwanzhong2025-320241027_DL_13796.jpg,微囊藻,0.4203,660,599,684,625
1047,Huiwanzhong2025-320241027_DL_13797.jpg,微囊藻,0.2901,658,399,686,429
1048,Huiwanzhong2025-320241027_DL_13798.jpg,游丝藻,0.7857,894,12,1043,165
1049,Huiwanzhong2025-320241027_DL_13801.jpg,微囊藻,0.5841,537,811,556,833
1050,Huiwanzhong2025-320241027_DL_13801.jpg,微囊藻,0.3462,1366,336,1384,355
1051,Huiwanzhong2025-320241027_DL_13801.jpg,微囊藻,0.2728,1393,525,1410,553
1052,Huiwanzhong2025-320241027_DL_13802.jpg,微囊藻,0.3467,1364,89,1382,107
1053,Huiwanzhong2025-320241027_DL_13802.jpg,微囊藻,0.2689,600,232,613,246
1054,Huiwanzhong2025-320241027_DL_13803.jpg,微囊藻,0.4066,532,481,556,506
1055,Huiwanzhong2025-320241027_DL_13803.jpg,微囊藻,0.2165,1391,71,1410,95
1056,Huiwanzhong2025-320241027_DL_13804.jpg,微囊藻,0.1941,795,594,810,610
1057,Huiwanzhong2025-320241027_DL_13804.jpg,微囊藻,0.1701,920,626,933,641
1058,Huiwanzhong2025-320241027_DL_13805.jpg,微囊藻,0.5816,321,752,344,777
1059,Huiwanzhong2025-320241027_DL_13810.jpg,微囊藻,0.2482,287,830,305,850
1060,Huiwanzhong2025-320241027_DL_13811.jpg,微囊藻,0.3669,286,696,303,713
1061,Huiwanzhong2025-320241027_DL_13812.jpg,微囊藻,0.3369,285,561,304,581
1062,Huiwanzhong2025-320241027_DL_13812.jpg,游丝藻,0.2513,780,753,931,877
1063,Huiwanzhong2025-320241027_DL_13812.jpg,游丝藻,0.1614,1228,504,1411,866
1064,Huiwanzhong2025-320241027_DL_13813.jpg,游丝藻,0.8844,600,508,929,829
1065,Huiwanzhong2025-320241027_DL_13814.jpg,游丝藻,0.8997,609,207,932,507
1066,Huiwanzhong2025-320241027_DL_13814.jpg,微囊藻,0.4426,277,212,303,240
1067,Huiwanzhong2025-320241027_DL_13815.jpg,游丝藻,0.8657,597,1,938,301
1068,Huiwanzhong2025-320241027_DL_13815.jpg,微囊藻,0.5400,745,803,762,823
1069,Huiwanzhong2025-320241027_DL_13815.jpg,其他,0.1513,884,129,1261,878
1070,Huiwanzhong2025-320241027_DL_13816.jpg,其他,0.7810,934,4,1334,761
1071,Huiwanzhong2025-320241027_DL_13816.jpg,微囊藻,0.2476,743,629,764,650
1072,Huiwanzhong2025-320241027_DL_13817.jpg,其他,0.7504,1037,0,1333,510
1073,Huiwanzhong2025-320241027_DL_13817.jpg,微囊藻,0.2877,704,315,726,338
1074,Huiwanzhong2025-320241027_DL_13818.jpg,游丝藻,0.8962,1037,680,1117,876
1075,Huiwanzhong2025-320241027_DL_13818.jpg,浮丝藻,0.4970,1151,0,1329,284
1076,Huiwanzhong2025-320241027_DL_13818.jpg,微囊藻,0.2871,704,64,723,84
1077,Huiwanzhong2025-320241027_DL_13818.jpg,微囊藻,0.2631,1317,840,1341,865
1078,Huiwanzhong2025-320241027_DL_13819.jpg,游丝藻,0.9094,1019,387,1108,646
1079,Huiwanzhong2025-320241027_DL_13820.jpg,游丝藻,0.8967,1018,21,1102,262
1080,Huiwanzhong2025-320241027_DL_13820.jpg,微囊藻,0.4217,1190,800,1212,824
1081,Huiwanzhong2025-320241027_DL_13820.jpg,微囊藻,0.2608,1147,315,1165,333
1082,Huiwanzhong2025-320241027_DL_13821.jpg,游丝藻,0.8881,879,759,1026,877
1083,Huiwanzhong2025-320241027_DL_13821.jpg,微囊藻,0.5462,1143,62,1168,89
1084,Huiwanzhong2025-320241027_DL_13821.jpg,微囊藻,0.2665,1186,557,1211,584
1085,Huiwanzhong2025-320241027_DL_13822.jpg,游丝藻,0.9092,873,482,1000,612
1086,Huiwanzhong2025-320241027_DL_13822.jpg,游丝藻,0.8922,780,650,947,870
1087,Huiwanzhong2025-320241027_DL_13823.jpg,游丝藻,0.9139,780,332,948,565
1088,Huiwanzhong2025-320241027_DL_13823.jpg,游丝藻,0.9125,874,159,1012,297
1089,Huiwanzhong2025-320241027_DL_13824.jpg,游丝藻,0.9209,766,618,1008,876
1090,Huiwanzhong2025-320241027_DL_13824.jpg,游丝藻,0.8951,771,5,932,231
1091,Huiwanzhong2025-320241027_DL_13825.jpg,游丝藻,0.9167,783,321,997,623
1092,Huiwanzhong2025-320241027_DL_13826.jpg,游丝藻,0.8854,795,8,984,335
1093,Huiwanzhong2025-320241027_DL_13827.jpg,游丝藻,0.6259,798,0,882,96
1094,Huiwanzhong2025-320241027_DL_13828.jpg,微囊藻,0.4592,413,813,430,832
1095,Huiwanzhong2025-320241027_DL_13828.jpg,微囊藻,0.1849,1115,638,1132,655
1096,Huiwanzhong2025-320241027_DL_13830.jpg,微囊藻,0.5259,413,651,432,672
1097,Huiwanzhong2025-320241027_DL_13830.jpg,微囊藻,0.4639,140,359,163,384
1098,Huiwanzhong2025-320241027_DL_13830.jpg,微囊藻,0.1601,416,722,427,735
1099,Huiwanzhong2025-320241027_DL_13831.jpg,微囊藻,0.3320,140,168,160,190
1100,Huiwanzhong2025-320241027_DL_13833.jpg,游丝藻,0.8549,647,570,698,880
1101,Huiwanzhong2025-320241027_DL_13833.jpg,微囊藻,0.2082,410,123,427,143
1102,Huiwanzhong2025-320241027_DL_13834.jpg,游丝藻,0.8121,650,325,694,701
1103,Huiwanzhong2025-320241027_DL_13834.jpg,游丝藻,0.5685,1066,614,1096,716
1104,Huiwanzhong2025-320241027_DL_13835.jpg,游丝藻,0.8119,650,0,683,309
1105,Huiwanzhong2025-320241027_DL_13835.jpg,游丝藻,0.3761,1064,216,1088,307
1106,Huiwanzhong2025-320241027_DL_13836.jpg,微囊藻,0.6220,491,711,506,729
1107,Huiwanzhong2025-320241027_DL_13836.jpg,微囊藻,0.3849,986,813,1002,829
1108,Huiwanzhong2025-320241027_DL_13836.jpg,微囊藻,0.3709,913,397,928,414
1109,Huiwanzhong2025-320241027_DL_13836.jpg,微囊藻,0.2369,856,841,899,879
1110,Huiwanzhong2025-320241027_DL_13836.jpg,微囊藻,0.1774,1098,606,1111,620
1111,Huiwanzhong2025-320241027_DL_13837.jpg,微囊藻,0.4180,856,769,898,814
1112,Huiwanzhong2025-320241027_DL_13837.jpg,微囊藻,0.4178,985,572,998,586
1113,Huiwanzhong2025-320241027_DL_13837.jpg,微囊藻,0.3885,488,559,507,579
1114,Huiwanzhong2025-320241027_DL_13837.jpg,微囊藻,0.2956,1095,360,1110,376
1115,Huiwanzhong2025-320241027_DL_13838.jpg,微囊藻,0.6696,982,285,998,303
1116,Huiwanzhong2025-320241027_DL_13838.jpg,微囊藻,0.5796,486,380,507,403
1117,Huiwanzhong2025-320241027_DL_13838.jpg,微囊藻,0.4088,1089,63,1113,89
1118,Huiwanzhong2025-320241027_DL_13838.jpg,微囊藻,0.1551,810,131,826,152
1119,Huiwanzhong2025-320241027_DL_13839.jpg,微囊藻,0.5744,482,186,508,214
1120,Huiwanzhong2025-320241027_DL_13840.jpg,微囊藻,0.1537,852,507,895,552
1121,Huiwanzhong2025-320241027_DL_13846.jpg,微囊藻,0.1946,524,530,538,546
1122,Huiwanzhong2025-320241027_DL_13847.jpg,微囊藻,0.5980,521,317,539,336
1123,Huiwanzhong2025-320241027_DL_13847.jpg,微囊藻,0.2314,874,846,900,875
1124,Huiwanzhong2025-320241027_DL_13848.jpg,游丝藻,0.7406,1200,766,1242,878
1125,Huiwanzhong2025-320241027_DL_13848.jpg,微囊藻,0.6547,869,729,886,747
1126,Huiwanzhong2025-320241027_DL_13848.jpg,微囊藻,0.6525,873,660,899,687
1127,Huiwanzhong2025-320241027_DL_13849.jpg,游丝藻,0.8306,1189,512,1242,879
1128,Huiwanzhong2025-320241027_DL_13849.jpg,微囊藻,0.4959,865,488,886,511
1129,Huiwanzhong2025-320241027_DL_13849.jpg,微囊藻,0.3999,996,668,1018,691
1130,Huiwanzhong2025-320241027_DL_13849.jpg,微囊藻,0.3992,871,448,898,478
1131,Huiwanzhong2025-320241027_DL_13850.jpg,游丝藻,0.8104,1180,126,1248,741
1132,Huiwanzhong2025-320241027_DL_13851.jpg,游丝藻,0.8534,1174,4,1244,476
1133,Huiwanzhong2025-320241027_DL_13851.jpg,微囊藻,0.5043,286,772,307,794
1134,Huiwanzhong2025-320241027_DL_13851.jpg,微囊藻,0.1950,873,788,889,807
1135,Huiwanzhong2025-320241027_DL_13851.jpg,盘星藻,0.1644,1344,2,1402,60
1136,Huiwanzhong2025-320241027_DL_13852.jpg,直链藻,0.8833,671,611,750,698
1137,Huiwanzhong2025-320241027_DL_13852.jpg,微囊藻,0.4903,286,665,307,687
1138,Huiwanzhong2025-320241027_DL_13852.jpg,游丝藻,0.4085,1173,1,1242,195
1139,Huiwanzhong2025-320241027_DL_13853.jpg,游丝藻,0.8819,1066,630,1124,877
1140,Huiwanzhong2025-320241027_DL_13853.jpg,直链藻,0.7835,663,318,751,394
1141,Huiwanzhong2025-320241027_DL_13853.jpg,微囊藻,0.4828,285,541,308,564
1142,Huiwanzhong2025-320241027_DL_13854.jpg,游丝藻,0.9148,1051,378,1122,690
1143,Huiwanzhong2025-320241027_DL_13854.jpg,微囊藻,0.5800,283,434,307,458
1144,Huiwanzhong2025-320241027_DL_13854.jpg,直链藻,0.2336,654,66,750,136
1145,Huiwanzhong2025-320241027_DL_13855.jpg,游丝藻,0.9094,1049,135,1125,448
1146,Huiwanzhong2025-320241027_DL_13855.jpg,微囊藻,0.5783,282,332,306,356
1147,Huiwanzhong2025-320241027_DL_13856.jpg,微囊藻,0.2361,278,174,306,203
1148,Huiwanzhong2025-320241027_DL_13856.jpg,微囊藻,0.2054,406,636,419,650
1149,Huiwanzhong2025-320241027_DL_13863.jpg,微囊藻,0.5205,683,749,706,772
1150,Huiwanzhong2025-320241027_DL_13863.jpg,微囊藻,0.1530,393,359,408,376
1151,Huiwanzhong2025-320241027_DL_13864.jpg,游丝藻,0.8560,880,688,1061,875
1152,Huiwanzhong2025-320241027_DL_13864.jpg,游丝藻,0.7232,1320,774,1411,877
1153,Huiwanzhong2025-320241027_DL_13864.jpg,微囊藻,0.3726,681,488,704,513
1154,Huiwanzhong2025-320241027_DL_13865.jpg,游丝藻,0.9096,892,399,1048,621
1155,Huiwanzhong2025-320241027_DL_13865.jpg,游丝藻,0.5867,1329,480,1411,875
1156,Huiwanzhong2025-320241027_DL_13865.jpg,微囊藻,0.2507,675,219,705,251
1157,Huiwanzhong2025-320241027_DL_13866.jpg,游丝藻,0.9046,902,85,1036,323
1158,Huiwanzhong2025-320241027_DL_13866.jpg,游丝藻,0.7739,602,546,772,604
1159,Huiwanzhong2025-320241027_DL_13866.jpg,游丝藻,0.2278,1316,132,1411,557
1160,Huiwanzhong2025-320241027_DL_13867.jpg,游丝藻,0.9195,839,461,1029,878
1161,Huiwanzhong2025-320241027_DL_13867.jpg,游丝藻,0.7907,614,248,767,296
1162,Huiwanzhong2025-320241027_DL_13867.jpg,微囊藻,0.1569,1394,855,1411,878
1163,Huiwanzhong2025-320241027_DL_13868.jpg,游丝藻,0.9342,838,136,1099,782
1164,Huiwanzhong2025-320241027_DL_13868.jpg,微囊藻,0.1746,1387,0,1410,20
1165,Huiwanzhong2025-320241027_DL_13869.jpg,游丝藻,0.9240,879,2,1096,506
1166,Huiwanzhong2025-320241027_DL_13870.jpg,游丝藻,0.8620,965,1,1076,169
1167,Huiwanzhong2025-320241027_DL_13873.jpg,新月藻,0.7989,1080,745,1173,878
1168,Huiwanzhong2025-320241027_DL_13874.jpg,新月藻,0.8657,1095,445,1172,712
1169,Huiwanzhong2025-320241027_DL_13874.jpg,小环藻,0.6387,1356,576,1410,625
1170,Huiwanzhong2025-320241027_DL_13875.jpg,新月藻,0.9156,1087,4,1173,274
1171,Huiwanzhong2025-320241027_DL_13875.jpg,卵囊藻,0.2141,1350,145,1410,200
1172,Huiwanzhong2025-320241027_DL_13877.jpg,微囊藻,0.4288,1161,330,1181,353
1173,Huiwanzhong2025-320241027_DL_13877.jpg,游丝藻,0.3609,459,305,565,745
1174,Huiwanzhong2025-320241027_DL_13878.jpg,游丝藻,0.9061,457,0,564,416
1175,Huiwanzhong2025-320241027_DL_13878.jpg,微囊藻,0.1687,1383,33,1410,67
1176,Huiwanzhong2025-320241027_DL_13879.jpg,游丝藻,0.5447,496,0,564,101
1177,Huiwanzhong2025-320241027_DL_13879.jpg,长孢藻,0.3236,534,221,661,309
